0 verbose cli C:\Program Files\nodejs\node.exe C:\Program Files\nodejs\node_modules\npm\bin\npm-cli.js
1 info using npm@11.6.2
2 info using node@v24.12.0
3 silly config load:file:C:\Program Files\nodejs\node_modules\npm\npmrc
4 silly config load:file:E:\TNR\tnr-steel-sys\frontend\.npmrc
5 silly config load:file:C:\Users\chand\.npmrc
6 silly config load:file:C:\Users\chand\AppData\Roaming\npm\etc\npmrc
7 verbose title npm ci
8 verbose argv "ci" "--cache" "../.npm-cache" "--no-audit" "--no-fund"
9 verbose logfile logs-max:10 dir:E:\TNR\tnr-steel-sys\.npm-cache\_logs\2026-10-06T03_34_34_862Z-
10 verbose logfile E:\TNR\tnr-steel-sys\.npm-cache\_logs\2026-10-06T03_34_34_862Z-debug-0.log
11 silly logfile done cleaning log files
12 silly packumentCache heap:4496293888 maxSize:1124073472 maxEntrySize:562036736
13 silly idealTree buildDeps
14 silly reify moves {}
15 http cache yocto-queue@https://registry.npmjs.org/yocto-queue/-/yocto-queue-0.1.0.tgz 2ms (cache hit)
16 http cache yaml@https://registry.npmjs.org/yaml/-/yaml-2.7.0.tgz 0ms (cache hit)
17 http cache yallist@https://registry.npmjs.org/yallist/-/yallist-3.1.1.tgz 0ms (cache hit)
18 http cache wrappy@https://registry.npmjs.org/wrappy/-/wrappy-1.0.2.tgz 0ms (cache hit)
19 http cache word-wrap@https://registry.npmjs.org/word-wrap/-/word-wrap-1.2.5.tgz 0ms (cache hit)
20 http cache wide-align@https://registry.npmjs.org/wide-align/-/wide-align-1.1.5.tgz 0ms (cache hit)
21 http cache whatwg-url@https://registry.npmjs.org/whatwg-url/-/whatwg-url-5.0.0.tgz 0ms (cache hit)
22 http cache webidl-conversions@https://registry.npmjs.org/webidl-conversions/-/webidl-conversions-3.0.1.tgz 0ms (cache hit)
23 http cache vegas@https://registry.npmjs.org/vegas/-/vegas-2.6.0.tgz 0ms (cache hit)
24 http cache vite@https://registry.npmjs.org/vite/-/vite-6.2.1.tgz 0ms (cache hit)
25 http cache which@https://registry.npmjs.org/which/-/which-2.0.2.tgz 0ms (cache hit)
26 http cache utrie@https://registry.npmjs.org/utrie/-/utrie-1.0.2.tgz 0ms (cache hit)
27 http cache util-deprecate@https://registry.npmjs.org/util-deprecate/-/util-deprecate-1.0.2.tgz 0ms (cache hit)
28 http cache type-check@https://registry.npmjs.org/type-check/-/type-check-0.4.0.tgz 0ms (cache hit)
29 http cache uri-js@https://registry.npmjs.org/uri-js/-/uri-js-4.4.1.tgz 0ms (cache hit)
30 http cache update-browserslist-db@https://registry.npmjs.org/update-browserslist-db/-/update-browserslist-db-1.1.3.tgz 0ms (cache hit)
31 http cache tslib@https://registry.npmjs.org/tslib/-/tslib-2.8.1.tgz 0ms (cache hit)
32 http cache tr46@https://registry.npmjs.org/tr46/-/tr46-0.0.3.tgz 0ms (cache hit)
33 http cache tar@https://registry.npmjs.org/tar/-/tar-6.2.1.tgz 0ms (cache hit)
34 http cache uqr@https://registry.npmjs.org/uqr/-/uqr-0.1.2.tgz 0ms (cache hit)
35 http cache text-segmentation@https://registry.npmjs.org/text-segmentation/-/text-segmentation-1.0.3.tgz 0ms (cache hit)
36 http cache swiper@https://registry.npmjs.org/swiper/-/swiper-10.3.1.tgz 0ms (cache hit)
37 http cache svg-pathdata@https://registry.npmjs.org/svg-pathdata/-/svg-pathdata-6.0.3.tgz 0ms (cache hit)
38 http cache stylis@https://registry.npmjs.org/stylis/-/stylis-4.2.0.tgz 0ms (cache hit)
39 http cache strip-ansi@https://registry.npmjs.org/strip-ansi/-/strip-ansi-6.0.1.tgz 0ms (cache hit)
40 http cache supports-preserve-symlinks-flag@https://registry.npmjs.org/supports-preserve-symlinks-flag/-/supports-preserve-symlinks-flag-1.0.0.tgz 0ms (cache hit)
41 http cache strip-json-comments@https://registry.npmjs.org/strip-json-comments/-/strip-json-comments-3.1.1.tgz 0ms (cache hit)
42 http cache string-width@https://registry.npmjs.org/string-width/-/string-width-4.2.3.tgz 0ms (cache hit)
43 http cache supports-color@https://registry.npmjs.org/supports-color/-/supports-color-7.2.0.tgz 0ms (cache hit)
44 http cache stackblur-canvas@https://registry.npmjs.org/stackblur-canvas/-/stackblur-canvas-2.7.0.tgz 0ms (cache hit)
45 http cache source-map-js@https://registry.npmjs.org/source-map-js/-/source-map-js-1.2.1.tgz 0ms (cache hit)
46 http cache string_decoder@https://registry.npmjs.org/string_decoder/-/string_decoder-1.3.0.tgz 0ms (cache hit)
47 http cache simple-concat@https://registry.npmjs.org/simple-concat/-/simple-concat-1.0.1.tgz 0ms (cache hit)
48 http cache shebang-regex@https://registry.npmjs.org/shebang-regex/-/shebang-regex-3.0.0.tgz 0ms (cache hit)
49 http cache simple-get@https://registry.npmjs.org/simple-get/-/simple-get-3.1.1.tgz 0ms (cache hit)
50 http cache source-map@https://registry.npmjs.org/source-map/-/source-map-0.5.7.tgz 0ms (cache hit)
51 http cache signal-exit@https://registry.npmjs.org/signal-exit/-/signal-exit-3.0.7.tgz 0ms (cache hit)
52 http cache shebang-command@https://registry.npmjs.org/shebang-command/-/shebang-command-2.0.0.tgz 0ms (cache hit)
53 http cache set-blocking@https://registry.npmjs.org/set-blocking/-/set-blocking-2.0.0.tgz 0ms (cache hit)
54 http cache set-cookie-parser@https://registry.npmjs.org/set-cookie-parser/-/set-cookie-parser-2.7.1.tgz 0ms (cache hit)
55 http cache scheduler@https://registry.npmjs.org/scheduler/-/scheduler-0.25.0.tgz 0ms (cache hit)
56 http cache semver@https://registry.npmjs.org/semver/-/semver-6.3.1.tgz 0ms (cache hit)
57 http cache safe-buffer@https://registry.npmjs.org/safe-buffer/-/safe-buffer-5.2.1.tgz 0ms (cache hit)
58 http cache rgbcolor@https://registry.npmjs.org/rgbcolor/-/rgbcolor-1.0.1.tgz 0ms (cache hit)
59 http cache resolve-from@https://registry.npmjs.org/resolve-from/-/resolve-from-4.0.0.tgz 0ms (cache hit)
60 http cache rimraf@https://registry.npmjs.org/rimraf/-/rimraf-3.0.2.tgz 0ms (cache hit)
61 http cache rollup@https://registry.npmjs.org/rollup/-/rollup-4.35.0.tgz 0ms (cache hit)
62 http cache resolve@https://registry.npmjs.org/resolve/-/resolve-1.22.10.tgz 0ms (cache hit)
63 http cache regenerator-runtime@https://registry.npmjs.org/regenerator-runtime/-/regenerator-runtime-0.14.1.tgz 0ms (cache hit)
64 http cache react-router-dom@https://registry.npmjs.org/react-router-dom/-/react-router-dom-7.9.1.tgz 1ms (cache hit)
65 http cache readable-stream@https://registry.npmjs.org/readable-stream/-/readable-stream-3.6.2.tgz 0ms (cache hit)
66 http cache react-toastify@https://registry.npmjs.org/react-toastify/-/react-toastify-11.0.5.tgz 0ms (cache hit)
67 http cache react-router@https://registry.npmjs.org/react-router/-/react-router-7.9.1.tgz 0ms (cache hit)
68 http cache react-refresh@https://registry.npmjs.org/react-refresh/-/react-refresh-0.14.2.tgz 0ms (cache hit)
69 http cache react-dom@https://registry.npmjs.org/react-dom/-/react-dom-19.0.0.tgz 0ms (cache hit)
70 http cache react-is@https://registry.npmjs.org/react-is/-/react-is-16.13.1.tgz 0ms (cache hit)
71 http cache react-icons@https://registry.npmjs.org/react-icons/-/react-icons-5.5.0.tgz 0ms (cache hit)
72 http cache react@https://registry.npmjs.org/react/-/react-19.0.0.tgz 0ms (cache hit)
73 http cache raf@https://registry.npmjs.org/raf/-/raf-3.4.1.tgz 0ms (cache hit)
74 http cache proxy-from-env@https://registry.npmjs.org/proxy-from-env/-/proxy-from-env-1.1.0.tgz 0ms (cache hit)
75 http cache react-chartjs-2@https://registry.npmjs.org/react-chartjs-2/-/react-chartjs-2-5.3.0.tgz 0ms (cache hit)
76 http cache proxy-memoize@https://registry.npmjs.org/proxy-memoize/-/proxy-memoize-3.0.1.tgz 0ms (cache hit)
77 http cache punycode@https://registry.npmjs.org/punycode/-/punycode-2.3.1.tgz 0ms (cache hit)
78 http cache proxy-compare@https://registry.npmjs.org/proxy-compare/-/proxy-compare-3.0.1.tgz 0ms (cache hit)
79 http cache postcss@https://registry.npmjs.org/postcss/-/postcss-8.5.3.tgz 0ms (cache hit)
80 http cache picocolors@https://registry.npmjs.org/picocolors/-/picocolors-1.1.1.tgz 0ms (cache hit)
81 http cache prelude-ls@https://registry.npmjs.org/prelude-ls/-/prelude-ls-1.2.1.tgz 0ms (cache hit)
82 http cache prop-types@https://registry.npmjs.org/prop-types/-/prop-types-15.8.1.tgz 0ms (cache hit)
83 http cache performance-now@https://registry.npmjs.org/performance-now/-/performance-now-2.1.0.tgz 0ms (cache hit)
84 http cache perfect-freehand@https://registry.npmjs.org/perfect-freehand/-/perfect-freehand-1.2.2.tgz 0ms (cache hit)
85 http cache path2d-polyfill@https://registry.npmjs.org/path2d-polyfill/-/path2d-polyfill-2.0.1.tgz 0ms (cache hit)
86 http cache path-parse@https://registry.npmjs.org/path-parse/-/path-parse-1.0.7.tgz 0ms (cache hit)
87 http cache path-type@https://registry.npmjs.org/path-type/-/path-type-4.0.0.tgz 0ms (cache hit)
88 http cache pdfjs-dist@https://registry.npmjs.org/pdfjs-dist/-/pdfjs-dist-3.11.174.tgz 0ms (cache hit)
89 http cache path-is-absolute@https://registry.npmjs.org/path-is-absolute/-/path-is-absolute-1.0.1.tgz 0ms (cache hit)
90 http cache parent-module@https://registry.npmjs.org/parent-module/-/parent-module-1.0.1.tgz 0ms (cache hit)
91 http cache path-key@https://registry.npmjs.org/path-key/-/path-key-3.1.1.tgz 0ms (cache hit)
92 http cache path-exists@https://registry.npmjs.org/path-exists/-/path-exists-4.0.0.tgz 0ms (cache hit)
93 http cache parse-json@https://registry.npmjs.org/parse-json/-/parse-json-5.2.0.tgz 0ms (cache hit)
94 http cache p-limit@https://registry.npmjs.org/p-limit/-/p-limit-3.1.0.tgz 0ms (cache hit)
95 http cache p-locate@https://registry.npmjs.org/p-locate/-/p-locate-5.0.0.tgz 0ms (cache hit)
96 http cache optionator@https://registry.npmjs.org/optionator/-/optionator-0.9.4.tgz 0ms (cache hit)
97 http cache object-assign@https://registry.npmjs.org/object-assign/-/object-assign-4.1.1.tgz 0ms (cache hit)
98 http cache once@https://registry.npmjs.org/once/-/once-1.4.0.tgz 0ms (cache hit)
99 http cache nopt@https://registry.npmjs.org/nopt/-/nopt-5.0.0.tgz 0ms (cache hit)
100 http cache node-fetch@https://registry.npmjs.org/node-fetch/-/node-fetch-2.7.0.tgz 0ms (cache hit)
101 http cache npmlog@https://registry.npmjs.org/npmlog/-/npmlog-5.0.1.tgz 0ms (cache hit)
102 http cache natural-compare@https://registry.npmjs.org/natural-compare/-/natural-compare-1.4.0.tgz 0ms (cache hit)
103 http cache node-releases@https://registry.npmjs.org/node-releases/-/node-releases-2.0.19.tgz 0ms (cache hit)
104 http cache nanoid@https://registry.npmjs.org/nanoid/-/nanoid-3.3.9.tgz 0ms (cache hit)
105 http cache motion-utils@https://registry.npmjs.org/motion-utils/-/motion-utils-12.8.3.tgz 0ms (cache hit)
106 http cache nan@https://registry.npmjs.org/nan/-/nan-2.22.2.tgz 0ms (cache hit)
107 http cache minipass@https://registry.npmjs.org/minipass/-/minipass-5.0.0.tgz 0ms (cache hit)
108 http cache ms@https://registry.npmjs.org/ms/-/ms-2.1.3.tgz 0ms (cache hit)
109 http cache mkdirp@https://registry.npmjs.org/mkdirp/-/mkdirp-1.0.4.tgz 0ms (cache hit)
110 http cache minimatch@https://registry.npmjs.org/minimatch/-/minimatch-3.1.2.tgz 0ms (cache hit)
111 http cache motion-dom@https://registry.npmjs.org/motion-dom/-/motion-dom-12.9.1.tgz 0ms (cache hit)
112 http cache mimic-response@https://registry.npmjs.org/mimic-response/-/mimic-response-2.1.0.tgz 0ms (cache hit)
113 http cache mime-types@https://registry.npmjs.org/mime-types/-/mime-types-2.1.35.tgz 0ms (cache hit)
114 http cache minizlib@https://registry.npmjs.org/minizlib/-/minizlib-2.1.2.tgz 0ms (cache hit)
115 http cache make-dir@https://registry.npmjs.org/make-dir/-/make-dir-3.1.0.tgz 0ms (cache hit)
116 http cache lucide-react@https://registry.npmjs.org/lucide-react/-/lucide-react-0.503.0.tgz 0ms (cache hit)
117 http cache math-intrinsics@https://registry.npmjs.org/math-intrinsics/-/math-intrinsics-1.1.0.tgz 0ms (cache hit)
118 http cache mime-db@https://registry.npmjs.org/mime-db/-/mime-db-1.52.0.tgz 0ms (cache hit)
119 http cache lru-cache@https://registry.npmjs.org/lru-cache/-/lru-cache-5.1.1.tgz 0ms (cache hit)
120 http cache loose-envify@https://registry.npmjs.org/loose-envify/-/loose-envify-1.4.0.tgz 0ms (cache hit)
121 http cache lodash.debounce@https://registry.npmjs.org/lodash.debounce/-/lodash.debounce-4.0.8.tgz 0ms (cache hit)
122 http cache locate-path@https://registry.npmjs.org/locate-path/-/locate-path-6.0.0.tgz 0ms (cache hit)
123 http cache lodash.throttle@https://registry.npmjs.org/lodash.throttle/-/lodash.throttle-4.1.1.tgz 0ms (cache hit)
124 http cache lodash.merge@https://registry.npmjs.org/lodash.merge/-/lodash.merge-4.6.2.tgz 0ms (cache hit)
125 http cache levn@https://registry.npmjs.org/levn/-/levn-0.4.1.tgz 1ms (cache hit)
126 http cache lines-and-columns@https://registry.npmjs.org/lines-and-columns/-/lines-and-columns-1.2.4.tgz 0ms (cache hit)
127 http cache keyv@https://registry.npmjs.org/keyv/-/keyv-4.5.4.tgz 0ms (cache hit)
128 http cache jspdf@https://registry.npmjs.org/jspdf/-/jspdf-3.0.0.tgz 0ms (cache hit)
129 http cache json5@https://registry.npmjs.org/json5/-/json5-2.2.3.tgz 0ms (cache hit)
130 http cache json-schema-traverse@https://registry.npmjs.org/json-schema-traverse/-/json-schema-traverse-0.4.1.tgz 0ms (cache hit)
131 http cache json-parse-even-better-errors@https://registry.npmjs.org/json-parse-even-better-errors/-/json-parse-even-better-errors-2.3.1.tgz 0ms (cache hit)
132 http cache js-yaml@https://registry.npmjs.org/js-yaml/-/js-yaml-4.1.0.tgz 0ms (cache hit)
133 http cache jsesc@https://registry.npmjs.org/jsesc/-/jsesc-3.1.0.tgz 0ms (cache hit)
134 http cache js-tokens@https://registry.npmjs.org/js-tokens/-/js-tokens-4.0.0.tgz 0ms (cache hit)
135 http cache json-stable-stringify-without-jsonify@https://registry.npmjs.org/json-stable-stringify-without-jsonify/-/json-stable-stringify-without-jsonify-1.0.1.tgz 0ms (cache hit)
136 http cache json-buffer@https://registry.npmjs.org/json-buffer/-/json-buffer-3.0.1.tgz 0ms (cache hit)
137 http cache isexe@https://registry.npmjs.org/isexe/-/isexe-2.0.0.tgz 1ms (cache hit)
138 http cache jquery@https://registry.npmjs.org/jquery/-/jquery-3.7.1.tgz 0ms (cache hit)
139 http cache is-fullwidth-code-point@https://registry.npmjs.org/is-fullwidth-code-point/-/is-fullwidth-code-point-3.0.0.tgz 0ms (cache hit)
140 http cache is-extglob@https://registry.npmjs.org/is-extglob/-/is-extglob-2.1.1.tgz 0ms (cache hit)
141 http cache is-glob@https://registry.npmjs.org/is-glob/-/is-glob-4.0.3.tgz 0ms (cache hit)
142 http cache inherits@https://registry.npmjs.org/inherits/-/inherits-2.0.4.tgz 0ms (cache hit)
143 http cache is-arrayish@https://registry.npmjs.org/is-arrayish/-/is-arrayish-0.2.1.tgz 0ms (cache hit)
144 http cache imurmurhash@https://registry.npmjs.org/imurmurhash/-/imurmurhash-0.1.4.tgz 0ms (cache hit)
145 http cache import-fresh@https://registry.npmjs.org/import-fresh/-/import-fresh-3.3.1.tgz 0ms (cache hit)
146 http cache ignore@https://registry.npmjs.org/ignore/-/ignore-5.3.2.tgz 0ms (cache hit)
147 http cache html2canvas@https://registry.npmjs.org/html2canvas/-/html2canvas-1.4.1.tgz 0ms (cache hit)
148 http cache https-proxy-agent@https://registry.npmjs.org/https-proxy-agent/-/https-proxy-agent-5.0.1.tgz 0ms (cache hit)
149 http cache hoist-non-react-statics@https://registry.npmjs.org/hoist-non-react-statics/-/hoist-non-react-statics-3.3.2.tgz 0ms (cache hit)
150 http cache hasown@https://registry.npmjs.org/hasown/-/hasown-2.0.2.tgz 0ms (cache hit)
151 http cache has-unicode@https://registry.npmjs.org/has-unicode/-/has-unicode-2.0.1.tgz 0ms (cache hit)
152 http cache has-tostringtag@https://registry.npmjs.org/has-tostringtag/-/has-tostringtag-1.0.2.tgz 0ms (cache hit)
153 http cache has-symbols@https://registry.npmjs.org/has-symbols/-/has-symbols-1.1.0.tgz 0ms (cache hit)
154 http cache has-flag@https://registry.npmjs.org/has-flag/-/has-flag-4.0.0.tgz 0ms (cache hit)
155 http cache gopd@https://registry.npmjs.org/gopd/-/gopd-1.2.0.tgz 0ms (cache hit)
156 http cache globals@https://registry.npmjs.org/globals/-/globals-15.15.0.tgz 0ms (cache hit)
157 http cache glob@https://registry.npmjs.org/glob/-/glob-7.2.3.tgz 0ms (cache hit)
158 http cache glob-parent@https://registry.npmjs.org/glob-parent/-/glob-parent-6.0.2.tgz 0ms (cache hit)
159 http cache get-proto@https://registry.npmjs.org/get-proto/-/get-proto-1.0.1.tgz 0ms (cache hit)
160 http cache gensync@https://registry.npmjs.org/gensync/-/gensync-1.0.0-beta.2.tgz 0ms (cache hit)
161 http cache gauge@https://registry.npmjs.org/gauge/-/gauge-3.0.2.tgz 0ms (cache hit)
162 http cache function-bind@https://registry.npmjs.org/function-bind/-/function-bind-1.1.2.tgz 0ms (cache hit)
163 http cache fs.realpath@https://registry.npmjs.org/fs.realpath/-/fs.realpath-1.0.0.tgz 0ms (cache hit)
164 http cache fs-minipass@https://registry.npmjs.org/fs-minipass/-/fs-minipass-2.1.0.tgz 0ms (cache hit)
165 http cache framer-motion@https://registry.npmjs.org/framer-motion/-/framer-motion-12.9.2.tgz 0ms (cache hit)
166 http cache flatted@https://registry.npmjs.org/flatted/-/flatted-3.3.3.tgz 0ms (cache hit)
167 http cache follow-redirects@https://registry.npmjs.org/follow-redirects/-/follow-redirects-1.15.9.tgz 0ms (cache hit)
168 http cache form-data@https://registry.npmjs.org/form-data/-/form-data-4.0.2.tgz 0ms (cache hit)
169 http cache flat-cache@https://registry.npmjs.org/flat-cache/-/flat-cache-4.0.1.tgz 0ms (cache hit)
170 http cache find-up@https://registry.npmjs.org/find-up/-/find-up-5.0.0.tgz 0ms (cache hit)
171 http cache find-root@https://registry.npmjs.org/find-root/-/find-root-1.1.0.tgz 0ms (cache hit)
172 http cache inflight@https://registry.npmjs.org/inflight/-/inflight-1.0.6.tgz 0ms (cache hit)
173 http cache fast-safe-stringify@https://registry.npmjs.org/fast-safe-stringify/-/fast-safe-stringify-2.1.1.tgz 0ms (cache hit)
174 http cache fflate@https://registry.npmjs.org/fflate/-/fflate-0.8.2.tgz 0ms (cache hit)
175 http cache fast-levenshtein@https://registry.npmjs.org/fast-levenshtein/-/fast-levenshtein-2.0.6.tgz 0ms (cache hit)
176 http cache fast-json-stable-stringify@https://registry.npmjs.org/fast-json-stable-stringify/-/fast-json-stable-stringify-2.1.0.tgz 0ms (cache hit)
177 http cache fast-deep-equal@https://registry.npmjs.org/fast-deep-equal/-/fast-deep-equal-3.1.3.tgz 0ms (cache hit)
178 http cache estraverse@https://registry.npmjs.org/estraverse/-/estraverse-5.3.0.tgz 0ms (cache hit)
179 http cache esutils@https://registry.npmjs.org/esutils/-/esutils-2.0.3.tgz 0ms (cache hit)
180 http cache esrecurse@https://registry.npmjs.org/esrecurse/-/esrecurse-4.3.0.tgz 0ms (cache hit)
181 http cache is-core-module@https://registry.npmjs.org/is-core-module/-/is-core-module-2.16.1.tgz 1ms (cache hit)
182 http cache espree@https://registry.npmjs.org/espree/-/espree-10.3.0.tgz 0ms (cache hit)
183 http cache eslint-visitor-keys@https://registry.npmjs.org/eslint-visitor-keys/-/eslint-visitor-keys-4.2.0.tgz 0ms (cache hit)
184 http cache esquery@https://registry.npmjs.org/esquery/-/esquery-1.6.0.tgz 0ms (cache hit)
185 http cache eslint-scope@https://registry.npmjs.org/eslint-scope/-/eslint-scope-8.3.0.tgz 0ms (cache hit)
186 http cache eslint-plugin-react-refresh@https://registry.npmjs.org/eslint-plugin-react-refresh/-/eslint-plugin-react-refresh-0.4.19.tgz 0ms (cache hit)
187 http cache eslint@https://registry.npmjs.org/eslint/-/eslint-9.22.0.tgz 0ms (cache hit)
188 http cache eslint-plugin-react-hooks@https://registry.npmjs.org/eslint-plugin-react-hooks/-/eslint-plugin-react-hooks-5.2.0.tgz 0ms (cache hit)
189 http cache escalade@https://registry.npmjs.org/escalade/-/escalade-3.2.0.tgz 0ms (cache hit)
190 http cache esbuild@https://registry.npmjs.org/esbuild/-/esbuild-0.25.1.tgz 0ms (cache hit)
191 http cache escape-string-regexp@https://registry.npmjs.org/escape-string-regexp/-/escape-string-regexp-4.0.0.tgz 0ms (cache hit)
192 http cache es-object-atoms@https://registry.npmjs.org/es-object-atoms/-/es-object-atoms-1.1.1.tgz 0ms (cache hit)
193 http cache es-set-tostringtag@https://registry.npmjs.org/es-set-tostringtag/-/es-set-tostringtag-2.1.0.tgz 0ms (cache hit)
194 http cache es-errors@https://registry.npmjs.org/es-errors/-/es-errors-1.3.0.tgz 0ms (cache hit)
195 http cache es-define-property@https://registry.npmjs.org/es-define-property/-/es-define-property-1.0.1.tgz 0ms (cache hit)
196 http cache error-ex@https://registry.npmjs.org/error-ex/-/error-ex-1.3.2.tgz 0ms (cache hit)
197 http cache emoji-regex@https://registry.npmjs.org/emoji-regex/-/emoji-regex-8.0.0.tgz 0ms (cache hit)
198 http cache dunder-proto@https://registry.npmjs.org/dunder-proto/-/dunder-proto-1.0.1.tgz 0ms (cache hit)
199 http cache electron-to-chromium@https://registry.npmjs.org/electron-to-chromium/-/electron-to-chromium-1.5.116.tgz 0ms (cache hit)
200 http cache detect-libc@https://registry.npmjs.org/detect-libc/-/detect-libc-2.0.3.tgz 0ms (cache hit)
201 http cache dompurify@https://registry.npmjs.org/dompurify/-/dompurify-3.2.4.tgz 0ms (cache hit)
202 http cache delayed-stream@https://registry.npmjs.org/delayed-stream/-/delayed-stream-1.0.0.tgz 0ms (cache hit)
203 http cache delegates@https://registry.npmjs.org/delegates/-/delegates-1.0.0.tgz 0ms (cache hit)
204 http cache decompress-response@https://registry.npmjs.org/decompress-response/-/decompress-response-4.2.1.tgz 0ms (cache hit)
205 http cache deep-is@https://registry.npmjs.org/deep-is/-/deep-is-0.1.4.tgz 0ms (cache hit)
206 http cache csstype@https://registry.npmjs.org/csstype/-/csstype-3.1.3.tgz 0ms (cache hit)
207 http cache debug@https://registry.npmjs.org/debug/-/debug-4.4.0.tgz 1ms (cache hit)
208 http cache css-line-break@https://registry.npmjs.org/css-line-break/-/css-line-break-2.1.0.tgz 0ms (cache hit)
209 http cache cross-spawn@https://registry.npmjs.org/cross-spawn/-/cross-spawn-7.0.6.tgz 0ms (cache hit)
210 http cache cosmiconfig@https://registry.npmjs.org/cosmiconfig/-/cosmiconfig-7.1.0.tgz 0ms (cache hit)
211 http cache cookie@https://registry.npmjs.org/cookie/-/cookie-1.0.2.tgz 0ms (cache hit)
212 http cache console-control-strings@https://registry.npmjs.org/console-control-strings/-/console-control-strings-1.1.0.tgz 0ms (cache hit)
213 http cache concat-map@https://registry.npmjs.org/concat-map/-/concat-map-0.0.1.tgz 0ms (cache hit)
214 http cache core-js@https://registry.npmjs.org/core-js/-/core-js-3.41.0.tgz 0ms (cache hit)
215 http cache convert-source-map@https://registry.npmjs.org/convert-source-map/-/convert-source-map-2.0.0.tgz 0ms (cache hit)
216 http cache combined-stream@https://registry.npmjs.org/combined-stream/-/combined-stream-1.0.8.tgz 0ms (cache hit)
217 http cache color-support@https://registry.npmjs.org/color-support/-/color-support-1.1.3.tgz 0ms (cache hit)
218 http cache clsx@https://registry.npmjs.org/clsx/-/clsx-2.1.1.tgz 0ms (cache hit)
219 http cache color-convert@https://registry.npmjs.org/color-convert/-/color-convert-2.0.1.tgz 0ms (cache hit)
220 http cache chownr@https://registry.npmjs.org/chownr/-/chownr-2.0.0.tgz 0ms (cache hit)
221 http cache classlist-polyfill@https://registry.npmjs.org/classlist-polyfill/-/classlist-polyfill-1.2.0.tgz 0ms (cache hit)
222 http cache color-name@https://registry.npmjs.org/color-name/-/color-name-1.1.4.tgz 0ms (cache hit)
223 http cache chart.js@https://registry.npmjs.org/chart.js/-/chart.js-4.4.9.tgz 0ms (cache hit)
224 http cache chalk@https://registry.npmjs.org/chalk/-/chalk-4.1.2.tgz 1ms (cache hit)
225 http cache canvg@https://registry.npmjs.org/canvg/-/canvg-3.0.11.tgz 0ms (cache hit)
226 http cache callsites@https://registry.npmjs.org/callsites/-/callsites-3.1.0.tgz 0ms (cache hit)
227 http cache call-bind-apply-helpers@https://registry.npmjs.org/call-bind-apply-helpers/-/call-bind-apply-helpers-1.0.2.tgz 0ms (cache hit)
228 http cache caniuse-lite@https://registry.npmjs.org/caniuse-lite/-/caniuse-lite-1.0.30001704.tgz 0ms (cache hit)
229 http cache btoa@https://registry.npmjs.org/btoa/-/btoa-1.2.1.tgz 0ms (cache hit)
230 http cache browserslist@https://registry.npmjs.org/browserslist/-/browserslist-4.24.4.tgz 0ms (cache hit)
231 http cache canvas@https://registry.npmjs.org/canvas/-/canvas-2.11.2.tgz 0ms (cache hit)
232 http cache brace-expansion@https://registry.npmjs.org/brace-expansion/-/brace-expansion-1.1.11.tgz 0ms (cache hit)
233 http cache base64-arraybuffer@https://registry.npmjs.org/base64-arraybuffer/-/base64-arraybuffer-1.0.2.tgz 0ms (cache hit)
234 http cache bootstrap@https://registry.npmjs.org/bootstrap/-/bootstrap-5.3.8.tgz 0ms (cache hit)
235 http cache atob@https://registry.npmjs.org/atob/-/atob-2.1.2.tgz 0ms (cache hit)
236 http cache axios@https://registry.npmjs.org/axios/-/axios-1.8.4.tgz 0ms (cache hit)
237 http cache argparse@https://registry.npmjs.org/argparse/-/argparse-2.0.1.tgz 0ms (cache hit)
238 http cache asynckit@https://registry.npmjs.org/asynckit/-/asynckit-0.4.0.tgz 0ms (cache hit)
239 http cache balanced-match@https://registry.npmjs.org/balanced-match/-/balanced-match-1.0.2.tgz 0ms (cache hit)
240 http cache aproba@https://registry.npmjs.org/aproba/-/aproba-2.0.0.tgz 0ms (cache hit)
241 http cache are-we-there-yet@https://registry.npmjs.org/are-we-there-yet/-/are-we-there-yet-2.0.0.tgz 0ms (cache hit)
242 http cache babel-plugin-macros@https://registry.npmjs.org/babel-plugin-macros/-/babel-plugin-macros-3.1.0.tgz 0ms (cache hit)
243 http cache aos@https://registry.npmjs.org/aos/-/aos-2.3.4.tgz 0ms (cache hit)
244 http cache ansi-regex@https://registry.npmjs.org/ansi-regex/-/ansi-regex-5.0.1.tgz 0ms (cache hit)
245 http cache ansi-styles@https://registry.npmjs.org/ansi-styles/-/ansi-styles-4.3.0.tgz 0ms (cache hit)
246 http cache agent-base@https://registry.npmjs.org/agent-base/-/agent-base-6.0.2.tgz 0ms (cache hit)
247 http cache ajv@https://registry.npmjs.org/ajv/-/ajv-6.12.6.tgz 0ms (cache hit)
248 http cache acorn-jsx@https://registry.npmjs.org/acorn-jsx/-/acorn-jsx-5.3.2.tgz 0ms (cache hit)
249 http cache acorn@https://registry.npmjs.org/acorn/-/acorn-8.14.1.tgz 0ms (cache hit)
250 http cache abbrev@https://registry.npmjs.org/abbrev/-/abbrev-1.1.1.tgz 0ms (cache hit)
251 http cache @zag-js/tree-view@https://registry.npmjs.org/@zag-js/tree-view/-/tree-view-0.82.2.tgz 0ms (cache hit)
252 http cache @zag-js/types@https://registry.npmjs.org/@zag-js/types/-/types-0.82.2.tgz 0ms (cache hit)
253 http cache @zag-js/tour@https://registry.npmjs.org/@zag-js/tour/-/tour-0.82.2.tgz 0ms (cache hit)
254 http cache @zag-js/toast@https://registry.npmjs.org/@zag-js/toast/-/toast-0.82.2.tgz 0ms (cache hit)
255 http cache @zag-js/toggle-group@https://registry.npmjs.org/@zag-js/toggle-group/-/toggle-group-0.82.2.tgz 0ms (cache hit)
256 http cache @zag-js/utils@https://registry.npmjs.org/@zag-js/utils/-/utils-0.82.2.tgz 0ms (cache hit)
257 http cache @zag-js/tooltip@https://registry.npmjs.org/@zag-js/tooltip/-/tooltip-0.82.2.tgz 0ms (cache hit)
258 http cache @zag-js/timer@https://registry.npmjs.org/@zag-js/timer/-/timer-0.82.2.tgz 0ms (cache hit)
259 http cache @zag-js/time-picker@https://registry.npmjs.org/@zag-js/time-picker/-/time-picker-0.82.2.tgz 0ms (cache hit)
260 http cache @zag-js/tags-input@https://registry.npmjs.org/@zag-js/tags-input/-/tags-input-0.82.2.tgz 0ms (cache hit)
261 http cache @zag-js/tabs@https://registry.npmjs.org/@zag-js/tabs/-/tabs-0.82.2.tgz 0ms (cache hit)
262 http cache @zag-js/switch@https://registry.npmjs.org/@zag-js/switch/-/switch-0.82.2.tgz 0ms (cache hit)
263 http cache @zag-js/store@https://registry.npmjs.org/@zag-js/store/-/store-0.82.2.tgz 0ms (cache hit)
264 http cache @zag-js/steps@https://registry.npmjs.org/@zag-js/steps/-/steps-0.82.2.tgz 0ms (cache hit)
265 http cache @zag-js/slider@https://registry.npmjs.org/@zag-js/slider/-/slider-0.82.2.tgz 0ms (cache hit)
266 http cache @zag-js/signature-pad@https://registry.npmjs.org/@zag-js/signature-pad/-/signature-pad-0.82.2.tgz 0ms (cache hit)
267 http cache @zag-js/splitter@https://registry.npmjs.org/@zag-js/splitter/-/splitter-0.82.2.tgz 0ms (cache hit)
268 http cache @zag-js/select@https://registry.npmjs.org/@zag-js/select/-/select-0.82.2.tgz 0ms (cache hit)
269 http cache @zag-js/scroll-snap@https://registry.npmjs.org/@zag-js/scroll-snap/-/scroll-snap-0.82.2.tgz 0ms (cache hit)
270 http cache @zag-js/remove-scroll@https://registry.npmjs.org/@zag-js/remove-scroll/-/remove-scroll-0.82.2.tgz 0ms (cache hit)
271 http cache @zag-js/rect-utils@https://registry.npmjs.org/@zag-js/rect-utils/-/rect-utils-0.82.2.tgz 0ms (cache hit)
272 http cache @zag-js/react@https://registry.npmjs.org/@zag-js/react/-/react-0.82.2.tgz 0ms (cache hit)
273 http cache @zag-js/rating-group@https://registry.npmjs.org/@zag-js/rating-group/-/rating-group-0.82.2.tgz 0ms (cache hit)
274 http cache @zag-js/radio-group@https://registry.npmjs.org/@zag-js/radio-group/-/radio-group-0.82.2.tgz 0ms (cache hit)
275 http cache @zag-js/qr-code@https://registry.npmjs.org/@zag-js/qr-code/-/qr-code-0.82.2.tgz 0ms (cache hit)
276 http cache @zag-js/presence@https://registry.npmjs.org/@zag-js/presence/-/presence-0.82.2.tgz 0ms (cache hit)
277 http cache @zag-js/progress@https://registry.npmjs.org/@zag-js/progress/-/progress-0.82.2.tgz 0ms (cache hit)
278 http cache @zag-js/popper@https://registry.npmjs.org/@zag-js/popper/-/popper-0.82.2.tgz 0ms (cache hit)
279 http cache @zag-js/popover@https://registry.npmjs.org/@zag-js/popover/-/popover-0.82.2.tgz 0ms (cache hit)
280 http cache @zag-js/number-input@https://registry.npmjs.org/@zag-js/number-input/-/number-input-0.82.2.tgz 0ms (cache hit)
281 http cache @zag-js/live-region@https://registry.npmjs.org/@zag-js/live-region/-/live-region-0.82.2.tgz 0ms (cache hit)
282 http cache @zag-js/pagination@https://registry.npmjs.org/@zag-js/pagination/-/pagination-0.82.2.tgz 0ms (cache hit)
283 http cache @zag-js/interact-outside@https://registry.npmjs.org/@zag-js/interact-outside/-/interact-outside-0.82.2.tgz 0ms (cache hit)
284 http cache @zag-js/menu@https://registry.npmjs.org/@zag-js/menu/-/menu-0.82.2.tgz 0ms (cache hit)
285 http cache @zag-js/i18n-utils@https://registry.npmjs.org/@zag-js/i18n-utils/-/i18n-utils-0.82.2.tgz 0ms (cache hit)
286 http cache @zag-js/hover-card@https://registry.npmjs.org/@zag-js/hover-card/-/hover-card-0.82.2.tgz 0ms (cache hit)
287 http cache @zag-js/pin-input@https://registry.npmjs.org/@zag-js/pin-input/-/pin-input-0.82.2.tgz 0ms (cache hit)
288 http cache @zag-js/focus-trap@https://registry.npmjs.org/@zag-js/focus-trap/-/focus-trap-0.82.2.tgz 0ms (cache hit)
289 http cache @zag-js/focus-visible@https://registry.npmjs.org/@zag-js/focus-visible/-/focus-visible-0.82.2.tgz 0ms (cache hit)
290 http cache @zag-js/highlight-word@https://registry.npmjs.org/@zag-js/highlight-word/-/highlight-word-0.82.2.tgz 0ms (cache hit)
291 http cache @zag-js/file-utils@https://registry.npmjs.org/@zag-js/file-utils/-/file-utils-0.82.2.tgz 0ms (cache hit)
292 http cache @zag-js/file-upload@https://registry.npmjs.org/@zag-js/file-upload/-/file-upload-0.82.2.tgz 0ms (cache hit)
293 http cache @zag-js/element-size@https://registry.npmjs.org/@zag-js/element-size/-/element-size-0.82.2.tgz 0ms (cache hit)
294 http cache @zag-js/element-rect@https://registry.npmjs.org/@zag-js/element-rect/-/element-rect-0.82.2.tgz 0ms (cache hit)
295 http cache @zag-js/editable@https://registry.npmjs.org/@zag-js/editable/-/editable-0.82.2.tgz 0ms (cache hit)
296 http cache @zag-js/dom-query@https://registry.npmjs.org/@zag-js/dom-query/-/dom-query-0.82.2.tgz 0ms (cache hit)
297 http cache @zag-js/dismissable@https://registry.npmjs.org/@zag-js/dismissable/-/dismissable-0.82.2.tgz 0ms (cache hit)
298 http cache @zag-js/date-utils@https://registry.npmjs.org/@zag-js/date-utils/-/date-utils-0.82.2.tgz 0ms (cache hit)
299 http cache @zag-js/dialog@https://registry.npmjs.org/@zag-js/dialog/-/dialog-0.82.2.tgz 0ms (cache hit)
300 http cache @zag-js/date-picker@https://registry.npmjs.org/@zag-js/date-picker/-/date-picker-0.82.2.tgz 0ms (cache hit)
301 http cache @zag-js/core@https://registry.npmjs.org/@zag-js/core/-/core-0.82.2.tgz 0ms (cache hit)
302 http cache @zag-js/collection@https://registry.npmjs.org/@zag-js/collection/-/collection-0.82.2.tgz 0ms (cache hit)
303 http cache @zag-js/combobox@https://registry.npmjs.org/@zag-js/combobox/-/combobox-0.82.2.tgz 0ms (cache hit)
304 http cache @zag-js/color-picker@https://registry.npmjs.org/@zag-js/color-picker/-/color-picker-0.82.2.tgz 0ms (cache hit)
305 http cache @zag-js/collapsible@https://registry.npmjs.org/@zag-js/collapsible/-/collapsible-0.82.2.tgz 0ms (cache hit)
306 http cache @zag-js/clipboard@https://registry.npmjs.org/@zag-js/clipboard/-/clipboard-0.82.2.tgz 0ms (cache hit)
307 http cache get-intrinsic@https://registry.npmjs.org/get-intrinsic/-/get-intrinsic-1.3.0.tgz 0ms (cache hit)
308 http cache @zag-js/checkbox@https://registry.npmjs.org/@zag-js/checkbox/-/checkbox-0.82.2.tgz 0ms (cache hit)
309 http cache @zag-js/auto-resize@https://registry.npmjs.org/@zag-js/auto-resize/-/auto-resize-0.82.2.tgz 0ms (cache hit)
310 http cache @zag-js/aria-hidden@https://registry.npmjs.org/@zag-js/aria-hidden/-/aria-hidden-0.82.2.tgz 0ms (cache hit)
311 http cache @zag-js/avatar@https://registry.npmjs.org/@zag-js/avatar/-/avatar-0.82.2.tgz 0ms (cache hit)
312 http cache @vitejs/plugin-react@https://registry.npmjs.org/@vitejs/plugin-react/-/plugin-react-4.3.4.tgz 0ms (cache hit)
313 http cache @zag-js/carousel@https://registry.npmjs.org/@zag-js/carousel/-/carousel-0.82.2.tgz 0ms (cache hit)
314 http cache @zag-js/anatomy@https://registry.npmjs.org/@zag-js/anatomy/-/anatomy-0.82.2.tgz 0ms (cache hit)
315 http cache @zag-js/accordion@https://registry.npmjs.org/@zag-js/accordion/-/accordion-0.82.2.tgz 0ms (cache hit)
316 http cache @types/react-dom@https://registry.npmjs.org/@types/react-dom/-/react-dom-19.0.4.tgz 0ms (cache hit)
317 http cache @types/react@https://registry.npmjs.org/@types/react/-/react-19.0.10.tgz 0ms (cache hit)
318 http cache @types/raf@https://registry.npmjs.org/@types/raf/-/raf-3.4.3.tgz 0ms (cache hit)
319 http cache @types/parse-json@https://registry.npmjs.org/@types/parse-json/-/parse-json-4.0.2.tgz 0ms (cache hit)
320 http cache @types/estree@https://registry.npmjs.org/@types/estree/-/estree-1.0.6.tgz 0ms (cache hit)
321 http cache @types/json-schema@https://registry.npmjs.org/@types/json-schema/-/json-schema-7.0.15.tgz 0ms (cache hit)
322 http cache @types/babel__traverse@https://registry.npmjs.org/@types/babel__traverse/-/babel__traverse-7.20.6.tgz 0ms (cache hit)
323 http cache @types/trusted-types@https://registry.npmjs.org/@types/trusted-types/-/trusted-types-2.0.7.tgz 0ms (cache hit)
324 http cache @zag-js/color-utils@https://registry.npmjs.org/@zag-js/color-utils/-/color-utils-0.82.2.tgz 0ms (cache hit)
325 http cache @types/babel__template@https://registry.npmjs.org/@types/babel__template/-/babel__template-7.4.4.tgz 0ms (cache hit)
326 http cache @types/babel__generator@https://registry.npmjs.org/@types/babel__generator/-/babel__generator-7.6.8.tgz 0ms (cache hit)
327 http cache @rollup/rollup-win32-x64-msvc@https://registry.npmjs.org/@rollup/rollup-win32-x64-msvc/-/rollup-win32-x64-msvc-4.35.0.tgz 0ms (cache hit)
328 http cache @types/babel__core@https://registry.npmjs.org/@types/babel__core/-/babel__core-7.20.5.tgz 0ms (cache hit)
329 http cache @swc/helpers@https://registry.npmjs.org/@swc/helpers/-/helpers-0.5.15.tgz 0ms (cache hit)
330 http cache @react-pdf-viewer/zoom@https://registry.npmjs.org/@react-pdf-viewer/zoom/-/zoom-3.12.0.tgz 0ms (cache hit)
331 http cache @react-pdf-viewer/thumbnail@https://registry.npmjs.org/@react-pdf-viewer/thumbnail/-/thumbnail-3.12.0.tgz 0ms (cache hit)
332 http cache @react-pdf-viewer/toolbar@https://registry.npmjs.org/@react-pdf-viewer/toolbar/-/toolbar-3.12.0.tgz 0ms (cache hit)
333 http cache @react-pdf-viewer/selection-mode@https://registry.npmjs.org/@react-pdf-viewer/selection-mode/-/selection-mode-3.12.0.tgz 0ms (cache hit)
334 http cache @react-pdf-viewer/search@https://registry.npmjs.org/@react-pdf-viewer/search/-/search-3.12.0.tgz 0ms (cache hit)
335 http cache @react-pdf-viewer/scroll-mode@https://registry.npmjs.org/@react-pdf-viewer/scroll-mode/-/scroll-mode-3.12.0.tgz 0ms (cache hit)
336 http cache @react-pdf-viewer/rotate@https://registry.npmjs.org/@react-pdf-viewer/rotate/-/rotate-3.12.0.tgz 0ms (cache hit)
337 http cache @react-pdf-viewer/properties@https://registry.npmjs.org/@react-pdf-viewer/properties/-/properties-3.12.0.tgz 0ms (cache hit)
338 http cache @react-pdf-viewer/print@https://registry.npmjs.org/@react-pdf-viewer/print/-/print-3.12.0.tgz 0ms (cache hit)
339 http cache @react-pdf-viewer/open@https://registry.npmjs.org/@react-pdf-viewer/open/-/open-3.12.0.tgz 0ms (cache hit)
340 http cache @react-pdf-viewer/page-navigation@https://registry.npmjs.org/@react-pdf-viewer/page-navigation/-/page-navigation-3.12.0.tgz 0ms (cache hit)
341 http cache @react-pdf-viewer/get-file@https://registry.npmjs.org/@react-pdf-viewer/get-file/-/get-file-3.12.0.tgz 1ms (cache hit)
342 http cache @react-pdf-viewer/full-screen@https://registry.npmjs.org/@react-pdf-viewer/full-screen/-/full-screen-3.12.0.tgz 0ms (cache hit)
343 http cache @react-pdf-viewer/default-layout@https://registry.npmjs.org/@react-pdf-viewer/default-layout/-/default-layout-3.12.0.tgz 0ms (cache hit)
344 http cache @react-pdf-viewer/core@https://registry.npmjs.org/@react-pdf-viewer/core/-/core-3.12.0.tgz 0ms (cache hit)
345 http cache @react-pdf-viewer/bookmark@https://registry.npmjs.org/@react-pdf-viewer/bookmark/-/bookmark-3.12.0.tgz 0ms (cache hit)
346 http cache @react-pdf-viewer/attachment@https://registry.npmjs.org/@react-pdf-viewer/attachment/-/attachment-3.12.0.tgz 0ms (cache hit)
347 http cache @popperjs/core@https://registry.npmjs.org/@popperjs/core/-/core-2.11.8.tgz 0ms (cache hit)
348 http cache @mapbox/node-pre-gyp@https://registry.npmjs.org/@mapbox/node-pre-gyp/-/node-pre-gyp-1.0.11.tgz 0ms (cache hit)
349 http cache @pandacss/is-valid-prop@https://registry.npmjs.org/@pandacss/is-valid-prop/-/is-valid-prop-0.41.0.tgz 0ms (cache hit)
350 http cache @kurkle/color@https://registry.npmjs.org/@kurkle/color/-/color-0.3.4.tgz 0ms (cache hit)
351 http cache @jridgewell/sourcemap-codec@https://registry.npmjs.org/@jridgewell/sourcemap-codec/-/sourcemap-codec-1.5.0.tgz 0ms (cache hit)
352 http cache @jridgewell/set-array@https://registry.npmjs.org/@jridgewell/set-array/-/set-array-1.2.1.tgz 0ms (cache hit)
353 http cache @jridgewell/resolve-uri@https://registry.npmjs.org/@jridgewell/resolve-uri/-/resolve-uri-3.1.2.tgz 0ms (cache hit)
354 http cache @jridgewell/trace-mapping@https://registry.npmjs.org/@jridgewell/trace-mapping/-/trace-mapping-0.3.25.tgz 0ms (cache hit)
355 http cache @jridgewell/gen-mapping@https://registry.npmjs.org/@jridgewell/gen-mapping/-/gen-mapping-0.3.8.tgz 0ms (cache hit)
356 http cache @humanwhocodes/retry@https://registry.npmjs.org/@humanwhocodes/retry/-/retry-0.4.2.tgz 0ms (cache hit)
357 http cache @humanwhocodes/module-importer@https://registry.npmjs.org/@humanwhocodes/module-importer/-/module-importer-1.0.1.tgz 0ms (cache hit)
358 http cache @internationalized/date@https://registry.npmjs.org/@internationalized/date/-/date-3.7.0.tgz 0ms (cache hit)
359 http cache @internationalized/number@https://registry.npmjs.org/@internationalized/number/-/number-3.6.0.tgz 0ms (cache hit)
360 http cache @humanfs/node@https://registry.npmjs.org/@humanfs/node/-/node-0.16.6.tgz 0ms (cache hit)
361 http cache @humanfs/core@https://registry.npmjs.org/@humanfs/core/-/core-0.19.1.tgz 0ms (cache hit)
362 http cache @fortawesome/react-fontawesome@https://registry.npmjs.org/@fortawesome/react-fontawesome/-/react-fontawesome-0.2.2.tgz 0ms (cache hit)
363 http cache @fortawesome/free-solid-svg-icons@https://registry.npmjs.org/@fortawesome/free-solid-svg-icons/-/free-solid-svg-icons-6.7.2.tgz 0ms (cache hit)
364 http cache @fortawesome/fontawesome-svg-core@https://registry.npmjs.org/@fortawesome/fontawesome-svg-core/-/fontawesome-svg-core-6.7.2.tgz 0ms (cache hit)
365 http cache @fortawesome/fontawesome-common-types@https://registry.npmjs.org/@fortawesome/fontawesome-common-types/-/fontawesome-common-types-6.7.2.tgz 0ms (cache hit)
366 http cache @fortawesome/fontawesome-free@https://registry.npmjs.org/@fortawesome/fontawesome-free/-/fontawesome-free-6.7.2.tgz 0ms (cache hit)
367 http cache @floating-ui/utils@https://registry.npmjs.org/@floating-ui/utils/-/utils-0.2.9.tgz 0ms (cache hit)
368 http cache @eslint/plugin-kit@https://registry.npmjs.org/@eslint/plugin-kit/-/plugin-kit-0.2.7.tgz 0ms (cache hit)
369 http cache @floating-ui/dom@https://registry.npmjs.org/@floating-ui/dom/-/dom-1.6.13.tgz 0ms (cache hit)
370 http cache @floating-ui/core@https://registry.npmjs.org/@floating-ui/core/-/core-1.6.9.tgz 0ms (cache hit)
371 http cache @eslint/js@https://registry.npmjs.org/@eslint/js/-/js-9.22.0.tgz 0ms (cache hit)
372 http cache @eslint/object-schema@https://registry.npmjs.org/@eslint/object-schema/-/object-schema-2.1.6.tgz 0ms (cache hit)
373 http cache @eslint/eslintrc@https://registry.npmjs.org/@eslint/eslintrc/-/eslintrc-3.3.0.tgz 0ms (cache hit)
374 http cache @eslint/config-helpers@https://registry.npmjs.org/@eslint/config-helpers/-/config-helpers-0.1.0.tgz 0ms (cache hit)
375 http cache @eslint/core@https://registry.npmjs.org/@eslint/core/-/core-0.12.0.tgz 0ms (cache hit)
376 http cache @eslint/config-array@https://registry.npmjs.org/@eslint/config-array/-/config-array-0.19.2.tgz 0ms (cache hit)
377 http cache @eslint-community/regexpp@https://registry.npmjs.org/@eslint-community/regexpp/-/regexpp-4.12.1.tgz 0ms (cache hit)
378 http cache @eslint-community/eslint-utils@https://registry.npmjs.org/@eslint-community/eslint-utils/-/eslint-utils-4.5.1.tgz 0ms (cache hit)
379 http cache @esbuild/win32-x64@https://registry.npmjs.org/@esbuild/win32-x64/-/win32-x64-0.25.1.tgz 0ms (cache hit)
380 http cache @emotion/weak-memoize@https://registry.npmjs.org/@emotion/weak-memoize/-/weak-memoize-0.4.0.tgz 0ms (cache hit)
381 http cache @emotion/use-insertion-effect-with-fallbacks@https://registry.npmjs.org/@emotion/use-insertion-effect-with-fallbacks/-/use-insertion-effect-with-fallbacks-1.2.0.tgz 0ms (cache hit)
382 http cache @emotion/utils@https://registry.npmjs.org/@emotion/utils/-/utils-1.4.2.tgz 0ms (cache hit)
383 http cache @emotion/unitless@https://registry.npmjs.org/@emotion/unitless/-/unitless-0.10.0.tgz 0ms (cache hit)
384 http cache @emotion/sheet@https://registry.npmjs.org/@emotion/sheet/-/sheet-1.4.0.tgz 0ms (cache hit)
385 http cache @emotion/serialize@https://registry.npmjs.org/@emotion/serialize/-/serialize-1.3.3.tgz 0ms (cache hit)
386 http cache @emotion/memoize@https://registry.npmjs.org/@emotion/memoize/-/memoize-0.9.0.tgz 0ms (cache hit)
387 http cache @emotion/react@https://registry.npmjs.org/@emotion/react/-/react-11.14.0.tgz 0ms (cache hit)
388 http cache @emotion/hash@https://registry.npmjs.org/@emotion/hash/-/hash-0.9.2.tgz 0ms (cache hit)
389 http cache @emotion/cache@https://registry.npmjs.org/@emotion/cache/-/cache-11.14.0.tgz 0ms (cache hit)
390 http cache @emotion/is-prop-valid@https://registry.npmjs.org/@emotion/is-prop-valid/-/is-prop-valid-1.3.1.tgz 0ms (cache hit)
391 http cache @chakra-ui/react@https://registry.npmjs.org/@chakra-ui/react/-/react-3.12.0.tgz 0ms (cache hit)
392 http cache @emotion/babel-plugin@https://registry.npmjs.org/@emotion/babel-plugin/-/babel-plugin-11.13.5.tgz 0ms (cache hit)
393 http cache @babel/types@https://registry.npmjs.org/@babel/types/-/types-7.26.10.tgz 0ms (cache hit)
394 http cache @babel/runtime@https://registry.npmjs.org/@babel/runtime/-/runtime-7.26.10.tgz 0ms (cache hit)
395 http cache @babel/traverse@https://registry.npmjs.org/@babel/traverse/-/traverse-7.26.10.tgz 0ms (cache hit)
396 http cache @babel/plugin-transform-react-jsx-source@https://registry.npmjs.org/@babel/plugin-transform-react-jsx-source/-/plugin-transform-react-jsx-source-7.25.9.tgz 0ms (cache hit)
397 http cache @babel/template@https://registry.npmjs.org/@babel/template/-/template-7.26.9.tgz 0ms (cache hit)
398 http cache @babel/plugin-transform-react-jsx-self@https://registry.npmjs.org/@babel/plugin-transform-react-jsx-self/-/plugin-transform-react-jsx-self-7.25.9.tgz 0ms (cache hit)
399 http cache @babel/helpers@https://registry.npmjs.org/@babel/helpers/-/helpers-7.26.10.tgz 0ms (cache hit)
400 http cache @babel/parser@https://registry.npmjs.org/@babel/parser/-/parser-7.26.10.tgz 0ms (cache hit)
401 http cache @babel/helper-validator-option@https://registry.npmjs.org/@babel/helper-validator-option/-/helper-validator-option-7.25.9.tgz 0ms (cache hit)
402 http cache @babel/helper-validator-identifier@https://registry.npmjs.org/@babel/helper-validator-identifier/-/helper-validator-identifier-7.25.9.tgz 0ms (cache hit)
403 http cache @babel/helper-string-parser@https://registry.npmjs.org/@babel/helper-string-parser/-/helper-string-parser-7.25.9.tgz 0ms (cache hit)
404 http cache @babel/helper-plugin-utils@https://registry.npmjs.org/@babel/helper-plugin-utils/-/helper-plugin-utils-7.26.5.tgz 0ms (cache hit)
405 http cache @babel/helper-module-imports@https://registry.npmjs.org/@babel/helper-module-imports/-/helper-module-imports-7.25.9.tgz 0ms (cache hit)
406 http cache @babel/helper-module-transforms@https://registry.npmjs.org/@babel/helper-module-transforms/-/helper-module-transforms-7.26.0.tgz 0ms (cache hit)
407 http cache @babel/helper-compilation-targets@https://registry.npmjs.org/@babel/helper-compilation-targets/-/helper-compilation-targets-7.26.5.tgz 0ms (cache hit)
408 http cache @react-pdf-viewer/theme@https://registry.npmjs.org/@react-pdf-viewer/theme/-/theme-3.12.0.tgz 0ms (cache hit)
409 http cache @babel/core@https://registry.npmjs.org/@babel/core/-/core-7.26.10.tgz 0ms (cache hit)
410 http cache @babel/generator@https://registry.npmjs.org/@babel/generator/-/generator-7.26.10.tgz 0ms (cache hit)
411 http cache @babel/code-frame@https://registry.npmjs.org/@babel/code-frame/-/code-frame-7.26.2.tgz 0ms (cache hit)
412 http cache @babel/compat-data@https://registry.npmjs.org/@babel/compat-data/-/compat-data-7.26.8.tgz 0ms (cache hit)
413 http cache @ark-ui/react@https://registry.npmjs.org/@ark-ui/react/-/react-4.9.2.tgz 0ms (cache hit)
414 http cache yallist@https://registry.npmjs.org/yallist/-/yallist-4.0.0.tgz 0ms (cache hit)
415 http cache yallist@https://registry.npmjs.org/yallist/-/yallist-4.0.0.tgz 0ms (cache hit)
416 http cache file-entry-cache@https://registry.npmjs.org/file-entry-cache/-/file-entry-cache-8.0.0.tgz 0ms (cache hit)
417 http cache @ampproject/remapping@https://registry.npmjs.org/@ampproject/remapping/-/remapping-2.3.0.tgz 0ms (cache hit)
418 http cache minipass@https://registry.npmjs.org/minipass/-/minipass-3.3.6.tgz 0ms (cache hit)
419 http cache minipass@https://registry.npmjs.org/minipass/-/minipass-3.3.6.tgz 0ms (cache hit)
420 http cache yaml@https://registry.npmjs.org/yaml/-/yaml-1.10.2.tgz 0ms (cache hit)
421 http cache regenerator-runtime@https://registry.npmjs.org/regenerator-runtime/-/regenerator-runtime-0.13.11.tgz 0ms (cache hit)
422 http cache yallist@https://registry.npmjs.org/yallist/-/yallist-4.0.0.tgz 0ms (cache hit)
423 http cache eslint-visitor-keys@https://registry.npmjs.org/eslint-visitor-keys/-/eslint-visitor-keys-3.4.3.tgz 0ms (cache hit)
424 http cache semver@https://registry.npmjs.org/semver/-/semver-7.7.1.tgz 0ms (cache hit)
425 http cache convert-source-map@https://registry.npmjs.org/convert-source-map/-/convert-source-map-1.9.0.tgz 0ms (cache hit)
426 http cache globals@https://registry.npmjs.org/globals/-/globals-14.0.0.tgz 0ms (cache hit)
427 silly tarball no local data for yocto-queue@https://registry.npmjs.org/yocto-queue/-/yocto-queue-0.1.0.tgz. Extracting by manifest.
428 silly tarball no local data for yaml@https://registry.npmjs.org/yaml/-/yaml-2.7.0.tgz. Extracting by manifest.
429 http cache @humanwhocodes/retry@https://registry.npmjs.org/@humanwhocodes/retry/-/retry-0.3.1.tgz 0ms (cache hit)
430 silly tarball no local data for yallist@https://registry.npmjs.org/yallist/-/yallist-3.1.1.tgz. Extracting by manifest.
431 silly tarball no local data for wrappy@https://registry.npmjs.org/wrappy/-/wrappy-1.0.2.tgz. Extracting by manifest.
432 http cache globals@https://registry.npmjs.org/globals/-/globals-11.12.0.tgz 0ms (cache hit)
433 silly tarball no local data for word-wrap@https://registry.npmjs.org/word-wrap/-/word-wrap-1.2.5.tgz. Extracting by manifest.
434 silly tarball no local data for wide-align@https://registry.npmjs.org/wide-align/-/wide-align-1.1.5.tgz. Extracting by manifest.
435 silly tarball no local data for whatwg-url@https://registry.npmjs.org/whatwg-url/-/whatwg-url-5.0.0.tgz. Extracting by manifest.
436 silly tarball no local data for webidl-conversions@https://registry.npmjs.org/webidl-conversions/-/webidl-conversions-3.0.1.tgz. Extracting by manifest.
437 silly tarball no local data for vite@https://registry.npmjs.org/vite/-/vite-6.2.1.tgz. Extracting by manifest.
438 silly tarball no local data for which@https://registry.npmjs.org/which/-/which-2.0.2.tgz. Extracting by manifest.
439 silly tarball no local data for utrie@https://registry.npmjs.org/utrie/-/utrie-1.0.2.tgz. Extracting by manifest.
440 silly tarball no local data for type-check@https://registry.npmjs.org/type-check/-/type-check-0.4.0.tgz. Extracting by manifest.
441 silly tarball no local data for uri-js@https://registry.npmjs.org/uri-js/-/uri-js-4.4.1.tgz. Extracting by manifest.
442 silly tarball no local data for update-browserslist-db@https://registry.npmjs.org/update-browserslist-db/-/update-browserslist-db-1.1.3.tgz. Extracting by manifest.
443 silly tarball no local data for tslib@https://registry.npmjs.org/tslib/-/tslib-2.8.1.tgz. Extracting by manifest.
444 silly tarball no local data for tr46@https://registry.npmjs.org/tr46/-/tr46-0.0.3.tgz. Extracting by manifest.
445 silly tarball no local data for tar@https://registry.npmjs.org/tar/-/tar-6.2.1.tgz. Extracting by manifest.
446 silly tarball no local data for uqr@https://registry.npmjs.org/uqr/-/uqr-0.1.2.tgz. Extracting by manifest.
447 silly tarball no local data for text-segmentation@https://registry.npmjs.org/text-segmentation/-/text-segmentation-1.0.3.tgz. Extracting by manifest.
448 silly tarball no local data for swiper@https://registry.npmjs.org/swiper/-/swiper-10.3.1.tgz. Extracting by manifest.
449 silly tarball no local data for svg-pathdata@https://registry.npmjs.org/svg-pathdata/-/svg-pathdata-6.0.3.tgz. Extracting by manifest.
450 silly tarball no local data for stylis@https://registry.npmjs.org/stylis/-/stylis-4.2.0.tgz. Extracting by manifest.
451 silly tarball no local data for strip-ansi@https://registry.npmjs.org/strip-ansi/-/strip-ansi-6.0.1.tgz. Extracting by manifest.
452 silly tarball no local data for supports-preserve-symlinks-flag@https://registry.npmjs.org/supports-preserve-symlinks-flag/-/supports-preserve-symlinks-flag-1.0.0.tgz. Extracting by manifest.
453 silly tarball no local data for strip-json-comments@https://registry.npmjs.org/strip-json-comments/-/strip-json-comments-3.1.1.tgz. Extracting by manifest.
454 silly tarball no local data for string-width@https://registry.npmjs.org/string-width/-/string-width-4.2.3.tgz. Extracting by manifest.
455 silly tarball no local data for supports-color@https://registry.npmjs.org/supports-color/-/supports-color-7.2.0.tgz. Extracting by manifest.
456 silly tarball no local data for stackblur-canvas@https://registry.npmjs.org/stackblur-canvas/-/stackblur-canvas-2.7.0.tgz. Extracting by manifest.
457 silly tarball no local data for source-map-js@https://registry.npmjs.org/source-map-js/-/source-map-js-1.2.1.tgz. Extracting by manifest.
458 silly tarball no local data for string_decoder@https://registry.npmjs.org/string_decoder/-/string_decoder-1.3.0.tgz. Extracting by manifest.
459 silly tarball no local data for simple-concat@https://registry.npmjs.org/simple-concat/-/simple-concat-1.0.1.tgz. Extracting by manifest.
460 silly tarball no local data for shebang-regex@https://registry.npmjs.org/shebang-regex/-/shebang-regex-3.0.0.tgz. Extracting by manifest.
461 silly tarball no local data for simple-get@https://registry.npmjs.org/simple-get/-/simple-get-3.1.1.tgz. Extracting by manifest.
462 silly tarball no local data for source-map@https://registry.npmjs.org/source-map/-/source-map-0.5.7.tgz. Extracting by manifest.
463 silly tarball no local data for signal-exit@https://registry.npmjs.org/signal-exit/-/signal-exit-3.0.7.tgz. Extracting by manifest.
464 silly tarball no local data for shebang-command@https://registry.npmjs.org/shebang-command/-/shebang-command-2.0.0.tgz. Extracting by manifest.
465 silly tarball no local data for set-blocking@https://registry.npmjs.org/set-blocking/-/set-blocking-2.0.0.tgz. Extracting by manifest.
466 silly tarball no local data for scheduler@https://registry.npmjs.org/scheduler/-/scheduler-0.25.0.tgz. Extracting by manifest.
467 silly tarball no local data for semver@https://registry.npmjs.org/semver/-/semver-6.3.1.tgz. Extracting by manifest.
468 silly tarball no local data for rgbcolor@https://registry.npmjs.org/rgbcolor/-/rgbcolor-1.0.1.tgz. Extracting by manifest.
469 silly tarball no local data for resolve-from@https://registry.npmjs.org/resolve-from/-/resolve-from-4.0.0.tgz. Extracting by manifest.
470 silly tarball no local data for rimraf@https://registry.npmjs.org/rimraf/-/rimraf-3.0.2.tgz. Extracting by manifest.
471 silly tarball no local data for rollup@https://registry.npmjs.org/rollup/-/rollup-4.35.0.tgz. Extracting by manifest.
472 silly tarball no local data for resolve@https://registry.npmjs.org/resolve/-/resolve-1.22.10.tgz. Extracting by manifest.
473 silly tarball no local data for regenerator-runtime@https://registry.npmjs.org/regenerator-runtime/-/regenerator-runtime-0.14.1.tgz. Extracting by manifest.
474 silly tarball no local data for readable-stream@https://registry.npmjs.org/readable-stream/-/readable-stream-3.6.2.tgz. Extracting by manifest.
475 silly tarball no local data for react-toastify@https://registry.npmjs.org/react-toastify/-/react-toastify-11.0.5.tgz. Extracting by manifest.
476 silly tarball no local data for react-refresh@https://registry.npmjs.org/react-refresh/-/react-refresh-0.14.2.tgz. Extracting by manifest.
477 silly tarball no local data for react-dom@https://registry.npmjs.org/react-dom/-/react-dom-19.0.0.tgz. Extracting by manifest.
478 silly tarball no local data for react-is@https://registry.npmjs.org/react-is/-/react-is-16.13.1.tgz. Extracting by manifest.
479 silly tarball no local data for react-icons@https://registry.npmjs.org/react-icons/-/react-icons-5.5.0.tgz. Extracting by manifest.
480 silly tarball no local data for react@https://registry.npmjs.org/react/-/react-19.0.0.tgz. Extracting by manifest.
481 silly tarball no local data for raf@https://registry.npmjs.org/raf/-/raf-3.4.1.tgz. Extracting by manifest.
482 silly tarball no local data for proxy-from-env@https://registry.npmjs.org/proxy-from-env/-/proxy-from-env-1.1.0.tgz. Extracting by manifest.
483 silly tarball no local data for react-chartjs-2@https://registry.npmjs.org/react-chartjs-2/-/react-chartjs-2-5.3.0.tgz. Extracting by manifest.
484 silly tarball no local data for proxy-memoize@https://registry.npmjs.org/proxy-memoize/-/proxy-memoize-3.0.1.tgz. Extracting by manifest.
485 silly tarball no local data for proxy-compare@https://registry.npmjs.org/proxy-compare/-/proxy-compare-3.0.1.tgz. Extracting by manifest.
486 silly tarball no local data for postcss@https://registry.npmjs.org/postcss/-/postcss-8.5.3.tgz. Extracting by manifest.
487 silly tarball no local data for picocolors@https://registry.npmjs.org/picocolors/-/picocolors-1.1.1.tgz. Extracting by manifest.
488 silly tarball no local data for prelude-ls@https://registry.npmjs.org/prelude-ls/-/prelude-ls-1.2.1.tgz. Extracting by manifest.
489 silly tarball no local data for prop-types@https://registry.npmjs.org/prop-types/-/prop-types-15.8.1.tgz. Extracting by manifest.
490 silly tarball no local data for performance-now@https://registry.npmjs.org/performance-now/-/performance-now-2.1.0.tgz. Extracting by manifest.
491 silly tarball no local data for perfect-freehand@https://registry.npmjs.org/perfect-freehand/-/perfect-freehand-1.2.2.tgz. Extracting by manifest.
492 silly tarball no local data for path2d-polyfill@https://registry.npmjs.org/path2d-polyfill/-/path2d-polyfill-2.0.1.tgz. Extracting by manifest.
493 silly tarball no local data for path-parse@https://registry.npmjs.org/path-parse/-/path-parse-1.0.7.tgz. Extracting by manifest.
494 silly tarball no local data for path-type@https://registry.npmjs.org/path-type/-/path-type-4.0.0.tgz. Extracting by manifest.
495 silly tarball no local data for pdfjs-dist@https://registry.npmjs.org/pdfjs-dist/-/pdfjs-dist-3.11.174.tgz. Extracting by manifest.
496 silly tarball no local data for path-is-absolute@https://registry.npmjs.org/path-is-absolute/-/path-is-absolute-1.0.1.tgz. Extracting by manifest.
497 silly tarball no local data for parent-module@https://registry.npmjs.org/parent-module/-/parent-module-1.0.1.tgz. Extracting by manifest.
498 silly tarball no local data for path-key@https://registry.npmjs.org/path-key/-/path-key-3.1.1.tgz. Extracting by manifest.
499 silly tarball no local data for path-exists@https://registry.npmjs.org/path-exists/-/path-exists-4.0.0.tgz. Extracting by manifest.
500 silly tarball no local data for parse-json@https://registry.npmjs.org/parse-json/-/parse-json-5.2.0.tgz. Extracting by manifest.
501 silly tarball no local data for p-limit@https://registry.npmjs.org/p-limit/-/p-limit-3.1.0.tgz. Extracting by manifest.
502 silly tarball no local data for p-locate@https://registry.npmjs.org/p-locate/-/p-locate-5.0.0.tgz. Extracting by manifest.
503 silly tarball no local data for optionator@https://registry.npmjs.org/optionator/-/optionator-0.9.4.tgz. Extracting by manifest.
504 silly tarball no local data for once@https://registry.npmjs.org/once/-/once-1.4.0.tgz. Extracting by manifest.
505 silly tarball no local data for nopt@https://registry.npmjs.org/nopt/-/nopt-5.0.0.tgz. Extracting by manifest.
506 silly tarball no local data for node-fetch@https://registry.npmjs.org/node-fetch/-/node-fetch-2.7.0.tgz. Extracting by manifest.
507 silly tarball no local data for npmlog@https://registry.npmjs.org/npmlog/-/npmlog-5.0.1.tgz. Extracting by manifest.
508 silly tarball no local data for natural-compare@https://registry.npmjs.org/natural-compare/-/natural-compare-1.4.0.tgz. Extracting by manifest.
509 silly tarball no local data for node-releases@https://registry.npmjs.org/node-releases/-/node-releases-2.0.19.tgz. Extracting by manifest.
510 silly tarball no local data for nanoid@https://registry.npmjs.org/nanoid/-/nanoid-3.3.9.tgz. Extracting by manifest.
511 silly tarball no local data for motion-utils@https://registry.npmjs.org/motion-utils/-/motion-utils-12.8.3.tgz. Extracting by manifest.
512 silly tarball no local data for nan@https://registry.npmjs.org/nan/-/nan-2.22.2.tgz. Extracting by manifest.
513 silly tarball no local data for minipass@https://registry.npmjs.org/minipass/-/minipass-5.0.0.tgz. Extracting by manifest.
514 silly tarball no local data for mkdirp@https://registry.npmjs.org/mkdirp/-/mkdirp-1.0.4.tgz. Extracting by manifest.
515 silly tarball no local data for motion-dom@https://registry.npmjs.org/motion-dom/-/motion-dom-12.9.1.tgz. Extracting by manifest.
516 silly tarball no local data for mimic-response@https://registry.npmjs.org/mimic-response/-/mimic-response-2.1.0.tgz. Extracting by manifest.
517 silly tarball no local data for minizlib@https://registry.npmjs.org/minizlib/-/minizlib-2.1.2.tgz. Extracting by manifest.
518 silly tarball no local data for make-dir@https://registry.npmjs.org/make-dir/-/make-dir-3.1.0.tgz. Extracting by manifest.
519 silly tarball no local data for lucide-react@https://registry.npmjs.org/lucide-react/-/lucide-react-0.503.0.tgz. Extracting by manifest.
520 silly tarball no local data for lru-cache@https://registry.npmjs.org/lru-cache/-/lru-cache-5.1.1.tgz. Extracting by manifest.
521 silly tarball no local data for loose-envify@https://registry.npmjs.org/loose-envify/-/loose-envify-1.4.0.tgz. Extracting by manifest.
522 silly tarball no local data for locate-path@https://registry.npmjs.org/locate-path/-/locate-path-6.0.0.tgz. Extracting by manifest.
523 silly tarball no local data for lodash.merge@https://registry.npmjs.org/lodash.merge/-/lodash.merge-4.6.2.tgz. Extracting by manifest.
524 silly tarball no local data for levn@https://registry.npmjs.org/levn/-/levn-0.4.1.tgz. Extracting by manifest.
525 silly tarball no local data for lines-and-columns@https://registry.npmjs.org/lines-and-columns/-/lines-and-columns-1.2.4.tgz. Extracting by manifest.
526 silly tarball no local data for keyv@https://registry.npmjs.org/keyv/-/keyv-4.5.4.tgz. Extracting by manifest.
527 silly tarball no local data for jspdf@https://registry.npmjs.org/jspdf/-/jspdf-3.0.0.tgz. Extracting by manifest.
528 silly tarball no local data for json5@https://registry.npmjs.org/json5/-/json5-2.2.3.tgz. Extracting by manifest.
529 silly tarball no local data for json-schema-traverse@https://registry.npmjs.org/json-schema-traverse/-/json-schema-traverse-0.4.1.tgz. Extracting by manifest.
530 silly tarball no local data for json-parse-even-better-errors@https://registry.npmjs.org/json-parse-even-better-errors/-/json-parse-even-better-errors-2.3.1.tgz. Extracting by manifest.
531 silly tarball no local data for js-yaml@https://registry.npmjs.org/js-yaml/-/js-yaml-4.1.0.tgz. Extracting by manifest.
532 silly tarball no local data for jsesc@https://registry.npmjs.org/jsesc/-/jsesc-3.1.0.tgz. Extracting by manifest.
533 silly tarball no local data for js-tokens@https://registry.npmjs.org/js-tokens/-/js-tokens-4.0.0.tgz. Extracting by manifest.
534 silly tarball no local data for json-stable-stringify-without-jsonify@https://registry.npmjs.org/json-stable-stringify-without-jsonify/-/json-stable-stringify-without-jsonify-1.0.1.tgz. Extracting by manifest.
535 silly tarball no local data for json-buffer@https://registry.npmjs.org/json-buffer/-/json-buffer-3.0.1.tgz. Extracting by manifest.
536 silly tarball no local data for isexe@https://registry.npmjs.org/isexe/-/isexe-2.0.0.tgz. Extracting by manifest.
537 silly tarball no local data for is-fullwidth-code-point@https://registry.npmjs.org/is-fullwidth-code-point/-/is-fullwidth-code-point-3.0.0.tgz. Extracting by manifest.
538 silly tarball no local data for is-arrayish@https://registry.npmjs.org/is-arrayish/-/is-arrayish-0.2.1.tgz. Extracting by manifest.
539 silly tarball no local data for imurmurhash@https://registry.npmjs.org/imurmurhash/-/imurmurhash-0.1.4.tgz. Extracting by manifest.
540 silly tarball no local data for import-fresh@https://registry.npmjs.org/import-fresh/-/import-fresh-3.3.1.tgz. Extracting by manifest.
541 silly tarball no local data for ignore@https://registry.npmjs.org/ignore/-/ignore-5.3.2.tgz. Extracting by manifest.
542 silly tarball no local data for html2canvas@https://registry.npmjs.org/html2canvas/-/html2canvas-1.4.1.tgz. Extracting by manifest.
543 silly tarball no local data for https-proxy-agent@https://registry.npmjs.org/https-proxy-agent/-/https-proxy-agent-5.0.1.tgz. Extracting by manifest.
544 silly tarball no local data for hoist-non-react-statics@https://registry.npmjs.org/hoist-non-react-statics/-/hoist-non-react-statics-3.3.2.tgz. Extracting by manifest.
545 silly tarball no local data for has-unicode@https://registry.npmjs.org/has-unicode/-/has-unicode-2.0.1.tgz. Extracting by manifest.
546 silly tarball no local data for has-tostringtag@https://registry.npmjs.org/has-tostringtag/-/has-tostringtag-1.0.2.tgz. Extracting by manifest.
547 silly tarball no local data for has-flag@https://registry.npmjs.org/has-flag/-/has-flag-4.0.0.tgz. Extracting by manifest.
548 silly tarball no local data for globals@https://registry.npmjs.org/globals/-/globals-15.15.0.tgz. Extracting by manifest.
549 silly tarball no local data for glob@https://registry.npmjs.org/glob/-/glob-7.2.3.tgz. Extracting by manifest.
550 silly tarball no local data for glob-parent@https://registry.npmjs.org/glob-parent/-/glob-parent-6.0.2.tgz. Extracting by manifest.
551 silly tarball no local data for gensync@https://registry.npmjs.org/gensync/-/gensync-1.0.0-beta.2.tgz. Extracting by manifest.
552 silly tarball no local data for gauge@https://registry.npmjs.org/gauge/-/gauge-3.0.2.tgz. Extracting by manifest.
553 silly tarball no local data for fs.realpath@https://registry.npmjs.org/fs.realpath/-/fs.realpath-1.0.0.tgz. Extracting by manifest.
554 silly tarball no local data for fs-minipass@https://registry.npmjs.org/fs-minipass/-/fs-minipass-2.1.0.tgz. Extracting by manifest.
555 silly tarball no local data for framer-motion@https://registry.npmjs.org/framer-motion/-/framer-motion-12.9.2.tgz. Extracting by manifest.
556 silly tarball no local data for flatted@https://registry.npmjs.org/flatted/-/flatted-3.3.3.tgz. Extracting by manifest.
557 silly tarball no local data for follow-redirects@https://registry.npmjs.org/follow-redirects/-/follow-redirects-1.15.9.tgz. Extracting by manifest.
558 silly tarball no local data for form-data@https://registry.npmjs.org/form-data/-/form-data-4.0.2.tgz. Extracting by manifest.
559 silly tarball no local data for flat-cache@https://registry.npmjs.org/flat-cache/-/flat-cache-4.0.1.tgz. Extracting by manifest.
560 silly tarball no local data for find-up@https://registry.npmjs.org/find-up/-/find-up-5.0.0.tgz. Extracting by manifest.
561 silly tarball no local data for find-root@https://registry.npmjs.org/find-root/-/find-root-1.1.0.tgz. Extracting by manifest.
562 silly tarball no local data for inflight@https://registry.npmjs.org/inflight/-/inflight-1.0.6.tgz. Extracting by manifest.
563 silly tarball no local data for fast-safe-stringify@https://registry.npmjs.org/fast-safe-stringify/-/fast-safe-stringify-2.1.1.tgz. Extracting by manifest.
564 silly tarball no local data for fflate@https://registry.npmjs.org/fflate/-/fflate-0.8.2.tgz. Extracting by manifest.
565 silly tarball no local data for fast-levenshtein@https://registry.npmjs.org/fast-levenshtein/-/fast-levenshtein-2.0.6.tgz. Extracting by manifest.
566 silly tarball no local data for fast-json-stable-stringify@https://registry.npmjs.org/fast-json-stable-stringify/-/fast-json-stable-stringify-2.1.0.tgz. Extracting by manifest.
567 silly tarball no local data for fast-deep-equal@https://registry.npmjs.org/fast-deep-equal/-/fast-deep-equal-3.1.3.tgz. Extracting by manifest.
568 silly tarball no local data for estraverse@https://registry.npmjs.org/estraverse/-/estraverse-5.3.0.tgz. Extracting by manifest.
569 silly tarball no local data for esutils@https://registry.npmjs.org/esutils/-/esutils-2.0.3.tgz. Extracting by manifest.
570 silly tarball no local data for esrecurse@https://registry.npmjs.org/esrecurse/-/esrecurse-4.3.0.tgz. Extracting by manifest.
571 silly tarball no local data for is-core-module@https://registry.npmjs.org/is-core-module/-/is-core-module-2.16.1.tgz. Extracting by manifest.
572 silly tarball no local data for espree@https://registry.npmjs.org/espree/-/espree-10.3.0.tgz. Extracting by manifest.
573 silly tarball no local data for eslint-visitor-keys@https://registry.npmjs.org/eslint-visitor-keys/-/eslint-visitor-keys-4.2.0.tgz. Extracting by manifest.
574 silly tarball no local data for esquery@https://registry.npmjs.org/esquery/-/esquery-1.6.0.tgz. Extracting by manifest.
575 silly tarball no local data for eslint-scope@https://registry.npmjs.org/eslint-scope/-/eslint-scope-8.3.0.tgz. Extracting by manifest.
576 silly tarball no local data for eslint-plugin-react-refresh@https://registry.npmjs.org/eslint-plugin-react-refresh/-/eslint-plugin-react-refresh-0.4.19.tgz. Extracting by manifest.
577 silly tarball no local data for eslint@https://registry.npmjs.org/eslint/-/eslint-9.22.0.tgz. Extracting by manifest.
578 silly tarball no local data for eslint-plugin-react-hooks@https://registry.npmjs.org/eslint-plugin-react-hooks/-/eslint-plugin-react-hooks-5.2.0.tgz. Extracting by manifest.
579 silly tarball no local data for escalade@https://registry.npmjs.org/escalade/-/escalade-3.2.0.tgz. Extracting by manifest.
580 silly tarball no local data for esbuild@https://registry.npmjs.org/esbuild/-/esbuild-0.25.1.tgz. Extracting by manifest.
581 silly tarball no local data for escape-string-regexp@https://registry.npmjs.org/escape-string-regexp/-/escape-string-regexp-4.0.0.tgz. Extracting by manifest.
582 silly tarball no local data for es-set-tostringtag@https://registry.npmjs.org/es-set-tostringtag/-/es-set-tostringtag-2.1.0.tgz. Extracting by manifest.
583 silly tarball no local data for error-ex@https://registry.npmjs.org/error-ex/-/error-ex-1.3.2.tgz. Extracting by manifest.
584 silly tarball no local data for emoji-regex@https://registry.npmjs.org/emoji-regex/-/emoji-regex-8.0.0.tgz. Extracting by manifest.
585 silly tarball no local data for electron-to-chromium@https://registry.npmjs.org/electron-to-chromium/-/electron-to-chromium-1.5.116.tgz. Extracting by manifest.
586 silly tarball no local data for detect-libc@https://registry.npmjs.org/detect-libc/-/detect-libc-2.0.3.tgz. Extracting by manifest.
587 silly tarball no local data for dompurify@https://registry.npmjs.org/dompurify/-/dompurify-3.2.4.tgz. Extracting by manifest.
588 silly tarball no local data for delayed-stream@https://registry.npmjs.org/delayed-stream/-/delayed-stream-1.0.0.tgz. Extracting by manifest.
589 silly tarball no local data for delegates@https://registry.npmjs.org/delegates/-/delegates-1.0.0.tgz. Extracting by manifest.
590 silly tarball no local data for decompress-response@https://registry.npmjs.org/decompress-response/-/decompress-response-4.2.1.tgz. Extracting by manifest.
591 silly tarball no local data for deep-is@https://registry.npmjs.org/deep-is/-/deep-is-0.1.4.tgz. Extracting by manifest.
592 silly tarball no local data for csstype@https://registry.npmjs.org/csstype/-/csstype-3.1.3.tgz. Extracting by manifest.
593 silly tarball no local data for css-line-break@https://registry.npmjs.org/css-line-break/-/css-line-break-2.1.0.tgz. Extracting by manifest.
594 silly tarball no local data for cross-spawn@https://registry.npmjs.org/cross-spawn/-/cross-spawn-7.0.6.tgz. Extracting by manifest.
595 silly tarball no local data for cosmiconfig@https://registry.npmjs.org/cosmiconfig/-/cosmiconfig-7.1.0.tgz. Extracting by manifest.
596 silly tarball no local data for console-control-strings@https://registry.npmjs.org/console-control-strings/-/console-control-strings-1.1.0.tgz. Extracting by manifest.
597 silly tarball no local data for core-js@https://registry.npmjs.org/core-js/-/core-js-3.41.0.tgz. Extracting by manifest.
598 silly tarball no local data for convert-source-map@https://registry.npmjs.org/convert-source-map/-/convert-source-map-2.0.0.tgz. Extracting by manifest.
599 silly tarball no local data for combined-stream@https://registry.npmjs.org/combined-stream/-/combined-stream-1.0.8.tgz. Extracting by manifest.
600 silly tarball no local data for color-support@https://registry.npmjs.org/color-support/-/color-support-1.1.3.tgz. Extracting by manifest.
601 silly tarball no local data for clsx@https://registry.npmjs.org/clsx/-/clsx-2.1.1.tgz. Extracting by manifest.
602 silly tarball no local data for color-convert@https://registry.npmjs.org/color-convert/-/color-convert-2.0.1.tgz. Extracting by manifest.
603 silly tarball no local data for chownr@https://registry.npmjs.org/chownr/-/chownr-2.0.0.tgz. Extracting by manifest.
604 silly tarball no local data for color-name@https://registry.npmjs.org/color-name/-/color-name-1.1.4.tgz. Extracting by manifest.
605 silly tarball no local data for chart.js@https://registry.npmjs.org/chart.js/-/chart.js-4.4.9.tgz. Extracting by manifest.
606 silly tarball no local data for chalk@https://registry.npmjs.org/chalk/-/chalk-4.1.2.tgz. Extracting by manifest.
607 silly tarball no local data for canvg@https://registry.npmjs.org/canvg/-/canvg-3.0.11.tgz. Extracting by manifest.
608 silly tarball no local data for callsites@https://registry.npmjs.org/callsites/-/callsites-3.1.0.tgz. Extracting by manifest.
609 silly tarball no local data for caniuse-lite@https://registry.npmjs.org/caniuse-lite/-/caniuse-lite-1.0.30001704.tgz. Extracting by manifest.
610 silly tarball no local data for btoa@https://registry.npmjs.org/btoa/-/btoa-1.2.1.tgz. Extracting by manifest.
611 silly tarball no local data for browserslist@https://registry.npmjs.org/browserslist/-/browserslist-4.24.4.tgz. Extracting by manifest.
612 silly tarball no local data for canvas@https://registry.npmjs.org/canvas/-/canvas-2.11.2.tgz. Extracting by manifest.
613 silly tarball no local data for base64-arraybuffer@https://registry.npmjs.org/base64-arraybuffer/-/base64-arraybuffer-1.0.2.tgz. Extracting by manifest.
614 silly tarball no local data for atob@https://registry.npmjs.org/atob/-/atob-2.1.2.tgz. Extracting by manifest.
615 silly tarball no local data for axios@https://registry.npmjs.org/axios/-/axios-1.8.4.tgz. Extracting by manifest.
616 silly tarball no local data for argparse@https://registry.npmjs.org/argparse/-/argparse-2.0.1.tgz. Extracting by manifest.
617 silly tarball no local data for asynckit@https://registry.npmjs.org/asynckit/-/asynckit-0.4.0.tgz. Extracting by manifest.
618 silly tarball no local data for aproba@https://registry.npmjs.org/aproba/-/aproba-2.0.0.tgz. Extracting by manifest.
619 silly tarball no local data for are-we-there-yet@https://registry.npmjs.org/are-we-there-yet/-/are-we-there-yet-2.0.0.tgz. Extracting by manifest.
620 silly tarball no local data for babel-plugin-macros@https://registry.npmjs.org/babel-plugin-macros/-/babel-plugin-macros-3.1.0.tgz. Extracting by manifest.
621 silly tarball no local data for ansi-regex@https://registry.npmjs.org/ansi-regex/-/ansi-regex-5.0.1.tgz. Extracting by manifest.
622 silly tarball no local data for ansi-styles@https://registry.npmjs.org/ansi-styles/-/ansi-styles-4.3.0.tgz. Extracting by manifest.
623 silly tarball no local data for agent-base@https://registry.npmjs.org/agent-base/-/agent-base-6.0.2.tgz. Extracting by manifest.
624 silly tarball no local data for ajv@https://registry.npmjs.org/ajv/-/ajv-6.12.6.tgz. Extracting by manifest.
625 silly tarball no local data for acorn-jsx@https://registry.npmjs.org/acorn-jsx/-/acorn-jsx-5.3.2.tgz. Extracting by manifest.
626 silly tarball no local data for acorn@https://registry.npmjs.org/acorn/-/acorn-8.14.1.tgz. Extracting by manifest.
627 silly tarball no local data for abbrev@https://registry.npmjs.org/abbrev/-/abbrev-1.1.1.tgz. Extracting by manifest.
628 silly tarball no local data for @zag-js/tree-view@https://registry.npmjs.org/@zag-js/tree-view/-/tree-view-0.82.2.tgz. Extracting by manifest.
629 silly tarball no local data for @zag-js/types@https://registry.npmjs.org/@zag-js/types/-/types-0.82.2.tgz. Extracting by manifest.
630 silly tarball no local data for @zag-js/tour@https://registry.npmjs.org/@zag-js/tour/-/tour-0.82.2.tgz. Extracting by manifest.
631 silly tarball no local data for @zag-js/toast@https://registry.npmjs.org/@zag-js/toast/-/toast-0.82.2.tgz. Extracting by manifest.
632 silly tarball no local data for @zag-js/toggle-group@https://registry.npmjs.org/@zag-js/toggle-group/-/toggle-group-0.82.2.tgz. Extracting by manifest.
633 silly tarball no local data for @zag-js/utils@https://registry.npmjs.org/@zag-js/utils/-/utils-0.82.2.tgz. Extracting by manifest.
634 silly tarball no local data for @zag-js/tooltip@https://registry.npmjs.org/@zag-js/tooltip/-/tooltip-0.82.2.tgz. Extracting by manifest.
635 silly tarball no local data for @zag-js/timer@https://registry.npmjs.org/@zag-js/timer/-/timer-0.82.2.tgz. Extracting by manifest.
636 silly tarball no local data for @zag-js/time-picker@https://registry.npmjs.org/@zag-js/time-picker/-/time-picker-0.82.2.tgz. Extracting by manifest.
637 silly tarball no local data for @zag-js/tags-input@https://registry.npmjs.org/@zag-js/tags-input/-/tags-input-0.82.2.tgz. Extracting by manifest.
638 silly tarball no local data for @zag-js/tabs@https://registry.npmjs.org/@zag-js/tabs/-/tabs-0.82.2.tgz. Extracting by manifest.
639 silly tarball no local data for @zag-js/switch@https://registry.npmjs.org/@zag-js/switch/-/switch-0.82.2.tgz. Extracting by manifest.
640 silly tarball no local data for @zag-js/store@https://registry.npmjs.org/@zag-js/store/-/store-0.82.2.tgz. Extracting by manifest.
641 silly tarball no local data for @zag-js/steps@https://registry.npmjs.org/@zag-js/steps/-/steps-0.82.2.tgz. Extracting by manifest.
642 silly tarball no local data for @zag-js/slider@https://registry.npmjs.org/@zag-js/slider/-/slider-0.82.2.tgz. Extracting by manifest.
643 silly tarball no local data for @zag-js/signature-pad@https://registry.npmjs.org/@zag-js/signature-pad/-/signature-pad-0.82.2.tgz. Extracting by manifest.
644 silly tarball no local data for @zag-js/splitter@https://registry.npmjs.org/@zag-js/splitter/-/splitter-0.82.2.tgz. Extracting by manifest.
645 silly tarball no local data for @zag-js/select@https://registry.npmjs.org/@zag-js/select/-/select-0.82.2.tgz. Extracting by manifest.
646 silly tarball no local data for @zag-js/scroll-snap@https://registry.npmjs.org/@zag-js/scroll-snap/-/scroll-snap-0.82.2.tgz. Extracting by manifest.
647 silly tarball no local data for @zag-js/remove-scroll@https://registry.npmjs.org/@zag-js/remove-scroll/-/remove-scroll-0.82.2.tgz. Extracting by manifest.
648 silly tarball no local data for @zag-js/rect-utils@https://registry.npmjs.org/@zag-js/rect-utils/-/rect-utils-0.82.2.tgz. Extracting by manifest.
649 silly tarball no local data for @zag-js/react@https://registry.npmjs.org/@zag-js/react/-/react-0.82.2.tgz. Extracting by manifest.
650 silly tarball no local data for @zag-js/rating-group@https://registry.npmjs.org/@zag-js/rating-group/-/rating-group-0.82.2.tgz. Extracting by manifest.
651 silly tarball no local data for @zag-js/radio-group@https://registry.npmjs.org/@zag-js/radio-group/-/radio-group-0.82.2.tgz. Extracting by manifest.
652 silly tarball no local data for @zag-js/qr-code@https://registry.npmjs.org/@zag-js/qr-code/-/qr-code-0.82.2.tgz. Extracting by manifest.
653 silly tarball no local data for @zag-js/presence@https://registry.npmjs.org/@zag-js/presence/-/presence-0.82.2.tgz. Extracting by manifest.
654 silly tarball no local data for @zag-js/progress@https://registry.npmjs.org/@zag-js/progress/-/progress-0.82.2.tgz. Extracting by manifest.
655 silly tarball no local data for @zag-js/popper@https://registry.npmjs.org/@zag-js/popper/-/popper-0.82.2.tgz. Extracting by manifest.
656 silly tarball no local data for @zag-js/popover@https://registry.npmjs.org/@zag-js/popover/-/popover-0.82.2.tgz. Extracting by manifest.
657 silly tarball no local data for @zag-js/number-input@https://registry.npmjs.org/@zag-js/number-input/-/number-input-0.82.2.tgz. Extracting by manifest.
658 silly tarball no local data for @zag-js/live-region@https://registry.npmjs.org/@zag-js/live-region/-/live-region-0.82.2.tgz. Extracting by manifest.
659 silly tarball no local data for @zag-js/pagination@https://registry.npmjs.org/@zag-js/pagination/-/pagination-0.82.2.tgz. Extracting by manifest.
660 silly tarball no local data for @zag-js/interact-outside@https://registry.npmjs.org/@zag-js/interact-outside/-/interact-outside-0.82.2.tgz. Extracting by manifest.
661 silly tarball no local data for @zag-js/menu@https://registry.npmjs.org/@zag-js/menu/-/menu-0.82.2.tgz. Extracting by manifest.
662 silly tarball no local data for @zag-js/i18n-utils@https://registry.npmjs.org/@zag-js/i18n-utils/-/i18n-utils-0.82.2.tgz. Extracting by manifest.
663 silly tarball no local data for @zag-js/hover-card@https://registry.npmjs.org/@zag-js/hover-card/-/hover-card-0.82.2.tgz. Extracting by manifest.
664 silly tarball no local data for @zag-js/pin-input@https://registry.npmjs.org/@zag-js/pin-input/-/pin-input-0.82.2.tgz. Extracting by manifest.
665 silly tarball no local data for @zag-js/focus-trap@https://registry.npmjs.org/@zag-js/focus-trap/-/focus-trap-0.82.2.tgz. Extracting by manifest.
666 silly tarball no local data for @zag-js/focus-visible@https://registry.npmjs.org/@zag-js/focus-visible/-/focus-visible-0.82.2.tgz. Extracting by manifest.
667 silly tarball no local data for @zag-js/highlight-word@https://registry.npmjs.org/@zag-js/highlight-word/-/highlight-word-0.82.2.tgz. Extracting by manifest.
668 silly tarball no local data for @zag-js/file-utils@https://registry.npmjs.org/@zag-js/file-utils/-/file-utils-0.82.2.tgz. Extracting by manifest.
669 silly tarball no local data for @zag-js/file-upload@https://registry.npmjs.org/@zag-js/file-upload/-/file-upload-0.82.2.tgz. Extracting by manifest.
670 silly tarball no local data for @zag-js/element-size@https://registry.npmjs.org/@zag-js/element-size/-/element-size-0.82.2.tgz. Extracting by manifest.
671 silly tarball no local data for @zag-js/element-rect@https://registry.npmjs.org/@zag-js/element-rect/-/element-rect-0.82.2.tgz. Extracting by manifest.
672 silly tarball no local data for @zag-js/editable@https://registry.npmjs.org/@zag-js/editable/-/editable-0.82.2.tgz. Extracting by manifest.
673 silly tarball no local data for @zag-js/dom-query@https://registry.npmjs.org/@zag-js/dom-query/-/dom-query-0.82.2.tgz. Extracting by manifest.
674 silly tarball no local data for @zag-js/dismissable@https://registry.npmjs.org/@zag-js/dismissable/-/dismissable-0.82.2.tgz. Extracting by manifest.
675 silly tarball no local data for @zag-js/date-utils@https://registry.npmjs.org/@zag-js/date-utils/-/date-utils-0.82.2.tgz. Extracting by manifest.
676 silly tarball no local data for @zag-js/dialog@https://registry.npmjs.org/@zag-js/dialog/-/dialog-0.82.2.tgz. Extracting by manifest.
677 silly tarball no local data for @zag-js/date-picker@https://registry.npmjs.org/@zag-js/date-picker/-/date-picker-0.82.2.tgz. Extracting by manifest.
678 silly tarball no local data for @zag-js/core@https://registry.npmjs.org/@zag-js/core/-/core-0.82.2.tgz. Extracting by manifest.
679 silly tarball no local data for @zag-js/collection@https://registry.npmjs.org/@zag-js/collection/-/collection-0.82.2.tgz. Extracting by manifest.
680 silly tarball no local data for @zag-js/combobox@https://registry.npmjs.org/@zag-js/combobox/-/combobox-0.82.2.tgz. Extracting by manifest.
681 silly tarball no local data for @zag-js/color-picker@https://registry.npmjs.org/@zag-js/color-picker/-/color-picker-0.82.2.tgz. Extracting by manifest.
682 silly tarball no local data for @zag-js/collapsible@https://registry.npmjs.org/@zag-js/collapsible/-/collapsible-0.82.2.tgz. Extracting by manifest.
683 silly tarball no local data for @zag-js/clipboard@https://registry.npmjs.org/@zag-js/clipboard/-/clipboard-0.82.2.tgz. Extracting by manifest.
684 silly tarball no local data for @zag-js/checkbox@https://registry.npmjs.org/@zag-js/checkbox/-/checkbox-0.82.2.tgz. Extracting by manifest.
685 silly tarball no local data for @zag-js/auto-resize@https://registry.npmjs.org/@zag-js/auto-resize/-/auto-resize-0.82.2.tgz. Extracting by manifest.
686 silly tarball no local data for @zag-js/aria-hidden@https://registry.npmjs.org/@zag-js/aria-hidden/-/aria-hidden-0.82.2.tgz. Extracting by manifest.
687 silly tarball no local data for @zag-js/avatar@https://registry.npmjs.org/@zag-js/avatar/-/avatar-0.82.2.tgz. Extracting by manifest.
688 silly tarball no local data for @vitejs/plugin-react@https://registry.npmjs.org/@vitejs/plugin-react/-/plugin-react-4.3.4.tgz. Extracting by manifest.
689 silly tarball no local data for @zag-js/carousel@https://registry.npmjs.org/@zag-js/carousel/-/carousel-0.82.2.tgz. Extracting by manifest.
690 silly tarball no local data for @zag-js/anatomy@https://registry.npmjs.org/@zag-js/anatomy/-/anatomy-0.82.2.tgz. Extracting by manifest.
691 silly tarball no local data for @zag-js/accordion@https://registry.npmjs.org/@zag-js/accordion/-/accordion-0.82.2.tgz. Extracting by manifest.
692 silly tarball no local data for @types/react-dom@https://registry.npmjs.org/@types/react-dom/-/react-dom-19.0.4.tgz. Extracting by manifest.
693 silly tarball no local data for @types/react@https://registry.npmjs.org/@types/react/-/react-19.0.10.tgz. Extracting by manifest.
694 silly tarball no local data for @types/raf@https://registry.npmjs.org/@types/raf/-/raf-3.4.3.tgz. Extracting by manifest.
695 silly tarball no local data for @types/parse-json@https://registry.npmjs.org/@types/parse-json/-/parse-json-4.0.2.tgz. Extracting by manifest.
696 silly tarball no local data for @types/estree@https://registry.npmjs.org/@types/estree/-/estree-1.0.6.tgz. Extracting by manifest.
697 silly tarball no local data for @types/json-schema@https://registry.npmjs.org/@types/json-schema/-/json-schema-7.0.15.tgz. Extracting by manifest.
698 silly tarball no local data for @types/babel__traverse@https://registry.npmjs.org/@types/babel__traverse/-/babel__traverse-7.20.6.tgz. Extracting by manifest.
699 silly tarball no local data for @types/trusted-types@https://registry.npmjs.org/@types/trusted-types/-/trusted-types-2.0.7.tgz. Extracting by manifest.
700 silly tarball no local data for @zag-js/color-utils@https://registry.npmjs.org/@zag-js/color-utils/-/color-utils-0.82.2.tgz. Extracting by manifest.
701 silly tarball no local data for @types/babel__template@https://registry.npmjs.org/@types/babel__template/-/babel__template-7.4.4.tgz. Extracting by manifest.
702 silly tarball no local data for @types/babel__generator@https://registry.npmjs.org/@types/babel__generator/-/babel__generator-7.6.8.tgz. Extracting by manifest.
703 silly tarball no local data for @rollup/rollup-win32-x64-msvc@https://registry.npmjs.org/@rollup/rollup-win32-x64-msvc/-/rollup-win32-x64-msvc-4.35.0.tgz. Extracting by manifest.
704 silly tarball no local data for @types/babel__core@https://registry.npmjs.org/@types/babel__core/-/babel__core-7.20.5.tgz. Extracting by manifest.
705 silly tarball no local data for @swc/helpers@https://registry.npmjs.org/@swc/helpers/-/helpers-0.5.15.tgz. Extracting by manifest.
706 silly tarball no local data for @react-pdf-viewer/zoom@https://registry.npmjs.org/@react-pdf-viewer/zoom/-/zoom-3.12.0.tgz. Extracting by manifest.
707 silly tarball no local data for @react-pdf-viewer/thumbnail@https://registry.npmjs.org/@react-pdf-viewer/thumbnail/-/thumbnail-3.12.0.tgz. Extracting by manifest.
708 silly tarball no local data for @react-pdf-viewer/toolbar@https://registry.npmjs.org/@react-pdf-viewer/toolbar/-/toolbar-3.12.0.tgz. Extracting by manifest.
709 silly tarball no local data for @react-pdf-viewer/selection-mode@https://registry.npmjs.org/@react-pdf-viewer/selection-mode/-/selection-mode-3.12.0.tgz. Extracting by manifest.
710 silly tarball no local data for @react-pdf-viewer/search@https://registry.npmjs.org/@react-pdf-viewer/search/-/search-3.12.0.tgz. Extracting by manifest.
711 silly tarball no local data for @react-pdf-viewer/scroll-mode@https://registry.npmjs.org/@react-pdf-viewer/scroll-mode/-/scroll-mode-3.12.0.tgz. Extracting by manifest.
712 silly tarball no local data for @react-pdf-viewer/rotate@https://registry.npmjs.org/@react-pdf-viewer/rotate/-/rotate-3.12.0.tgz. Extracting by manifest.
713 silly tarball no local data for @react-pdf-viewer/properties@https://registry.npmjs.org/@react-pdf-viewer/properties/-/properties-3.12.0.tgz. Extracting by manifest.
714 silly tarball no local data for @react-pdf-viewer/print@https://registry.npmjs.org/@react-pdf-viewer/print/-/print-3.12.0.tgz. Extracting by manifest.
715 silly tarball no local data for @react-pdf-viewer/open@https://registry.npmjs.org/@react-pdf-viewer/open/-/open-3.12.0.tgz. Extracting by manifest.
716 silly tarball no local data for @react-pdf-viewer/page-navigation@https://registry.npmjs.org/@react-pdf-viewer/page-navigation/-/page-navigation-3.12.0.tgz. Extracting by manifest.
717 silly tarball no local data for @react-pdf-viewer/get-file@https://registry.npmjs.org/@react-pdf-viewer/get-file/-/get-file-3.12.0.tgz. Extracting by manifest.
718 silly tarball no local data for @react-pdf-viewer/full-screen@https://registry.npmjs.org/@react-pdf-viewer/full-screen/-/full-screen-3.12.0.tgz. Extracting by manifest.
719 silly tarball no local data for @react-pdf-viewer/default-layout@https://registry.npmjs.org/@react-pdf-viewer/default-layout/-/default-layout-3.12.0.tgz. Extracting by manifest.
720 silly tarball no local data for @react-pdf-viewer/core@https://registry.npmjs.org/@react-pdf-viewer/core/-/core-3.12.0.tgz. Extracting by manifest.
721 silly tarball no local data for @react-pdf-viewer/bookmark@https://registry.npmjs.org/@react-pdf-viewer/bookmark/-/bookmark-3.12.0.tgz. Extracting by manifest.
722 silly tarball no local data for @react-pdf-viewer/attachment@https://registry.npmjs.org/@react-pdf-viewer/attachment/-/attachment-3.12.0.tgz. Extracting by manifest.
723 silly tarball no local data for @mapbox/node-pre-gyp@https://registry.npmjs.org/@mapbox/node-pre-gyp/-/node-pre-gyp-1.0.11.tgz. Extracting by manifest.
724 silly tarball no local data for @pandacss/is-valid-prop@https://registry.npmjs.org/@pandacss/is-valid-prop/-/is-valid-prop-0.41.0.tgz. Extracting by manifest.
725 silly tarball no local data for @kurkle/color@https://registry.npmjs.org/@kurkle/color/-/color-0.3.4.tgz. Extracting by manifest.
726 silly tarball no local data for @jridgewell/sourcemap-codec@https://registry.npmjs.org/@jridgewell/sourcemap-codec/-/sourcemap-codec-1.5.0.tgz. Extracting by manifest.
727 silly tarball no local data for @jridgewell/set-array@https://registry.npmjs.org/@jridgewell/set-array/-/set-array-1.2.1.tgz. Extracting by manifest.
728 silly tarball no local data for @jridgewell/resolve-uri@https://registry.npmjs.org/@jridgewell/resolve-uri/-/resolve-uri-3.1.2.tgz. Extracting by manifest.
729 silly tarball no local data for @jridgewell/trace-mapping@https://registry.npmjs.org/@jridgewell/trace-mapping/-/trace-mapping-0.3.25.tgz. Extracting by manifest.
730 silly tarball no local data for @jridgewell/gen-mapping@https://registry.npmjs.org/@jridgewell/gen-mapping/-/gen-mapping-0.3.8.tgz. Extracting by manifest.
731 silly tarball no local data for @humanwhocodes/retry@https://registry.npmjs.org/@humanwhocodes/retry/-/retry-0.4.2.tgz. Extracting by manifest.
732 silly tarball no local data for @humanwhocodes/module-importer@https://registry.npmjs.org/@humanwhocodes/module-importer/-/module-importer-1.0.1.tgz. Extracting by manifest.
733 silly tarball no local data for @internationalized/date@https://registry.npmjs.org/@internationalized/date/-/date-3.7.0.tgz. Extracting by manifest.
734 silly tarball no local data for @internationalized/number@https://registry.npmjs.org/@internationalized/number/-/number-3.6.0.tgz. Extracting by manifest.
735 silly tarball no local data for @humanfs/node@https://registry.npmjs.org/@humanfs/node/-/node-0.16.6.tgz. Extracting by manifest.
736 silly tarball no local data for @humanfs/core@https://registry.npmjs.org/@humanfs/core/-/core-0.19.1.tgz. Extracting by manifest.
737 silly tarball no local data for @fortawesome/react-fontawesome@https://registry.npmjs.org/@fortawesome/react-fontawesome/-/react-fontawesome-0.2.2.tgz. Extracting by manifest.
738 silly tarball no local data for @fortawesome/free-solid-svg-icons@https://registry.npmjs.org/@fortawesome/free-solid-svg-icons/-/free-solid-svg-icons-6.7.2.tgz. Extracting by manifest.
739 silly tarball no local data for @fortawesome/fontawesome-svg-core@https://registry.npmjs.org/@fortawesome/fontawesome-svg-core/-/fontawesome-svg-core-6.7.2.tgz. Extracting by manifest.
740 silly tarball no local data for @fortawesome/fontawesome-common-types@https://registry.npmjs.org/@fortawesome/fontawesome-common-types/-/fontawesome-common-types-6.7.2.tgz. Extracting by manifest.
741 silly tarball no local data for @fortawesome/fontawesome-free@https://registry.npmjs.org/@fortawesome/fontawesome-free/-/fontawesome-free-6.7.2.tgz. Extracting by manifest.
742 silly tarball no local data for @floating-ui/utils@https://registry.npmjs.org/@floating-ui/utils/-/utils-0.2.9.tgz. Extracting by manifest.
743 silly tarball no local data for @eslint/plugin-kit@https://registry.npmjs.org/@eslint/plugin-kit/-/plugin-kit-0.2.7.tgz. Extracting by manifest.
744 silly tarball no local data for @floating-ui/dom@https://registry.npmjs.org/@floating-ui/dom/-/dom-1.6.13.tgz. Extracting by manifest.
745 silly tarball no local data for @floating-ui/core@https://registry.npmjs.org/@floating-ui/core/-/core-1.6.9.tgz. Extracting by manifest.
746 silly tarball no local data for @eslint/js@https://registry.npmjs.org/@eslint/js/-/js-9.22.0.tgz. Extracting by manifest.
747 silly tarball no local data for @eslint/object-schema@https://registry.npmjs.org/@eslint/object-schema/-/object-schema-2.1.6.tgz. Extracting by manifest.
748 silly tarball no local data for @eslint/eslintrc@https://registry.npmjs.org/@eslint/eslintrc/-/eslintrc-3.3.0.tgz. Extracting by manifest.
749 silly tarball no local data for @eslint/config-helpers@https://registry.npmjs.org/@eslint/config-helpers/-/config-helpers-0.1.0.tgz. Extracting by manifest.
750 silly tarball no local data for @eslint/core@https://registry.npmjs.org/@eslint/core/-/core-0.12.0.tgz. Extracting by manifest.
751 silly tarball no local data for @eslint/config-array@https://registry.npmjs.org/@eslint/config-array/-/config-array-0.19.2.tgz. Extracting by manifest.
752 silly tarball no local data for @eslint-community/regexpp@https://registry.npmjs.org/@eslint-community/regexpp/-/regexpp-4.12.1.tgz. Extracting by manifest.
753 silly tarball no local data for @eslint-community/eslint-utils@https://registry.npmjs.org/@eslint-community/eslint-utils/-/eslint-utils-4.5.1.tgz. Extracting by manifest.
754 silly tarball no local data for @esbuild/win32-x64@https://registry.npmjs.org/@esbuild/win32-x64/-/win32-x64-0.25.1.tgz. Extracting by manifest.
755 silly tarball no local data for @emotion/weak-memoize@https://registry.npmjs.org/@emotion/weak-memoize/-/weak-memoize-0.4.0.tgz. Extracting by manifest.
756 silly tarball no local data for @emotion/use-insertion-effect-with-fallbacks@https://registry.npmjs.org/@emotion/use-insertion-effect-with-fallbacks/-/use-insertion-effect-with-fallbacks-1.2.0.tgz. Extracting by manifest.
757 silly tarball no local data for @emotion/utils@https://registry.npmjs.org/@emotion/utils/-/utils-1.4.2.tgz. Extracting by manifest.
758 silly tarball no local data for @emotion/unitless@https://registry.npmjs.org/@emotion/unitless/-/unitless-0.10.0.tgz. Extracting by manifest.
759 silly tarball no local data for @emotion/sheet@https://registry.npmjs.org/@emotion/sheet/-/sheet-1.4.0.tgz. Extracting by manifest.
760 silly tarball no local data for @emotion/serialize@https://registry.npmjs.org/@emotion/serialize/-/serialize-1.3.3.tgz. Extracting by manifest.
761 silly tarball no local data for @emotion/memoize@https://registry.npmjs.org/@emotion/memoize/-/memoize-0.9.0.tgz. Extracting by manifest.
762 silly tarball no local data for @emotion/react@https://registry.npmjs.org/@emotion/react/-/react-11.14.0.tgz. Extracting by manifest.
763 silly tarball no local data for @emotion/hash@https://registry.npmjs.org/@emotion/hash/-/hash-0.9.2.tgz. Extracting by manifest.
764 silly tarball no local data for @emotion/cache@https://registry.npmjs.org/@emotion/cache/-/cache-11.14.0.tgz. Extracting by manifest.
765 silly tarball no local data for @emotion/is-prop-valid@https://registry.npmjs.org/@emotion/is-prop-valid/-/is-prop-valid-1.3.1.tgz. Extracting by manifest.
766 silly tarball no local data for @chakra-ui/react@https://registry.npmjs.org/@chakra-ui/react/-/react-3.12.0.tgz. Extracting by manifest.
767 silly tarball no local data for @emotion/babel-plugin@https://registry.npmjs.org/@emotion/babel-plugin/-/babel-plugin-11.13.5.tgz. Extracting by manifest.
768 silly tarball no local data for @babel/types@https://registry.npmjs.org/@babel/types/-/types-7.26.10.tgz. Extracting by manifest.
769 silly tarball no local data for @babel/runtime@https://registry.npmjs.org/@babel/runtime/-/runtime-7.26.10.tgz. Extracting by manifest.
770 silly tarball no local data for @babel/traverse@https://registry.npmjs.org/@babel/traverse/-/traverse-7.26.10.tgz. Extracting by manifest.
771 silly tarball no local data for @babel/plugin-transform-react-jsx-source@https://registry.npmjs.org/@babel/plugin-transform-react-jsx-source/-/plugin-transform-react-jsx-source-7.25.9.tgz. Extracting by manifest.
772 silly tarball no local data for @babel/template@https://registry.npmjs.org/@babel/template/-/template-7.26.9.tgz. Extracting by manifest.
773 silly tarball no local data for @babel/plugin-transform-react-jsx-self@https://registry.npmjs.org/@babel/plugin-transform-react-jsx-self/-/plugin-transform-react-jsx-self-7.25.9.tgz. Extracting by manifest.
774 silly tarball no local data for @babel/helpers@https://registry.npmjs.org/@babel/helpers/-/helpers-7.26.10.tgz. Extracting by manifest.
775 silly tarball no local data for @babel/parser@https://registry.npmjs.org/@babel/parser/-/parser-7.26.10.tgz. Extracting by manifest.
776 silly tarball no local data for @babel/helper-validator-option@https://registry.npmjs.org/@babel/helper-validator-option/-/helper-validator-option-7.25.9.tgz. Extracting by manifest.
777 silly tarball no local data for @babel/helper-validator-identifier@https://registry.npmjs.org/@babel/helper-validator-identifier/-/helper-validator-identifier-7.25.9.tgz. Extracting by manifest.
778 silly tarball no local data for @babel/helper-string-parser@https://registry.npmjs.org/@babel/helper-string-parser/-/helper-string-parser-7.25.9.tgz. Extracting by manifest.
779 silly tarball no local data for @babel/helper-plugin-utils@https://registry.npmjs.org/@babel/helper-plugin-utils/-/helper-plugin-utils-7.26.5.tgz. Extracting by manifest.
780 silly tarball no local data for @babel/helper-module-imports@https://registry.npmjs.org/@babel/helper-module-imports/-/helper-module-imports-7.25.9.tgz. Extracting by manifest.
781 silly tarball no local data for @babel/helper-module-transforms@https://registry.npmjs.org/@babel/helper-module-transforms/-/helper-module-transforms-7.26.0.tgz. Extracting by manifest.
782 silly tarball no local data for @babel/helper-compilation-targets@https://registry.npmjs.org/@babel/helper-compilation-targets/-/helper-compilation-targets-7.26.5.tgz. Extracting by manifest.
783 silly tarball no local data for @react-pdf-viewer/theme@https://registry.npmjs.org/@react-pdf-viewer/theme/-/theme-3.12.0.tgz. Extracting by manifest.
784 silly tarball no local data for @babel/core@https://registry.npmjs.org/@babel/core/-/core-7.26.10.tgz. Extracting by manifest.
785 silly tarball no local data for @babel/generator@https://registry.npmjs.org/@babel/generator/-/generator-7.26.10.tgz. Extracting by manifest.
786 silly tarball no local data for @babel/code-frame@https://registry.npmjs.org/@babel/code-frame/-/code-frame-7.26.2.tgz. Extracting by manifest.
787 silly tarball no local data for @babel/compat-data@https://registry.npmjs.org/@babel/compat-data/-/compat-data-7.26.8.tgz. Extracting by manifest.
788 silly tarball no local data for @ark-ui/react@https://registry.npmjs.org/@ark-ui/react/-/react-4.9.2.tgz. Extracting by manifest.
789 silly tarball no local data for yallist@https://registry.npmjs.org/yallist/-/yallist-4.0.0.tgz. Extracting by manifest.
790 silly tarball no local data for yallist@https://registry.npmjs.org/yallist/-/yallist-4.0.0.tgz. Extracting by manifest.
791 silly tarball no local data for file-entry-cache@https://registry.npmjs.org/file-entry-cache/-/file-entry-cache-8.0.0.tgz. Extracting by manifest.
792 silly tarball no local data for @ampproject/remapping@https://registry.npmjs.org/@ampproject/remapping/-/remapping-2.3.0.tgz. Extracting by manifest.
793 silly tarball no local data for minipass@https://registry.npmjs.org/minipass/-/minipass-3.3.6.tgz. Extracting by manifest.
794 silly tarball no local data for minipass@https://registry.npmjs.org/minipass/-/minipass-3.3.6.tgz. Extracting by manifest.
795 silly tarball no local data for yaml@https://registry.npmjs.org/yaml/-/yaml-1.10.2.tgz. Extracting by manifest.
796 silly tarball no local data for regenerator-runtime@https://registry.npmjs.org/regenerator-runtime/-/regenerator-runtime-0.13.11.tgz. Extracting by manifest.
797 silly tarball no local data for yallist@https://registry.npmjs.org/yallist/-/yallist-4.0.0.tgz. Extracting by manifest.
798 silly tarball no local data for eslint-visitor-keys@https://registry.npmjs.org/eslint-visitor-keys/-/eslint-visitor-keys-3.4.3.tgz. Extracting by manifest.
799 silly tarball no local data for convert-source-map@https://registry.npmjs.org/convert-source-map/-/convert-source-map-1.9.0.tgz. Extracting by manifest.
800 silly tarball no local data for globals@https://registry.npmjs.org/globals/-/globals-14.0.0.tgz. Extracting by manifest.
801 silly tarball no local data for @humanwhocodes/retry@https://registry.npmjs.org/@humanwhocodes/retry/-/retry-0.3.1.tgz. Extracting by manifest.
802 silly tarball no local data for globals@https://registry.npmjs.org/globals/-/globals-11.12.0.tgz. Extracting by manifest.
803 http fetch GET 200 https://registry.npmjs.org/wrappy/-/wrappy-1.0.2.tgz 2423ms (cache miss)
804 http fetch GET 200 https://registry.npmjs.org/yocto-queue/-/yocto-queue-0.1.0.tgz 2439ms (cache miss)
805 http fetch GET 200 https://registry.npmjs.org/yallist/-/yallist-3.1.1.tgz 2520ms (cache miss)
806 http fetch GET 200 https://registry.npmjs.org/word-wrap/-/word-wrap-1.2.5.tgz 2649ms (cache miss)
807 http fetch GET 200 https://registry.npmjs.org/wide-align/-/wide-align-1.1.5.tgz 2661ms (cache miss)
808 http fetch GET 200 https://registry.npmjs.org/webidl-conversions/-/webidl-conversions-3.0.1.tgz 2982ms (cache miss)
809 http fetch GET 200 https://registry.npmjs.org/which/-/which-2.0.2.tgz 2982ms (cache miss)
810 http fetch GET 200 https://registry.npmjs.org/strip-json-comments/-/strip-json-comments-3.1.1.tgz 3062ms (cache miss)
811 http fetch GET 200 https://registry.npmjs.org/string-width/-/string-width-4.2.3.tgz 3115ms (cache miss)
812 http fetch GET 200 https://registry.npmjs.org/simple-concat/-/simple-concat-1.0.1.tgz 3113ms (cache miss)
813 http fetch GET 200 https://registry.npmjs.org/strip-ansi/-/strip-ansi-6.0.1.tgz 3128ms (cache miss)
814 http fetch GET 200 https://registry.npmjs.org/shebang-regex/-/shebang-regex-3.0.0.tgz 3117ms (cache miss)
815 http fetch GET 200 https://registry.npmjs.org/update-browserslist-db/-/update-browserslist-db-1.1.3.tgz 3169ms (cache miss)
816 http fetch GET 200 https://registry.npmjs.org/supports-color/-/supports-color-7.2.0.tgz 3202ms (cache miss)
817 http fetch GET 200 https://registry.npmjs.org/resolve-from/-/resolve-from-4.0.0.tgz 3182ms (cache miss)
818 http fetch GET 200 https://registry.npmjs.org/shebang-command/-/shebang-command-2.0.0.tgz 3203ms (cache miss)
819 http fetch GET 200 https://registry.npmjs.org/simple-get/-/simple-get-3.1.1.tgz 3239ms (cache miss)
820 http fetch GET 200 https://registry.npmjs.org/set-blocking/-/set-blocking-2.0.0.tgz 3231ms (cache miss)
821 http fetch GET 200 https://registry.npmjs.org/signal-exit/-/signal-exit-3.0.7.tgz 3239ms (cache miss)
822 http fetch GET 200 https://registry.npmjs.org/string_decoder/-/string_decoder-1.3.0.tgz 3248ms (cache miss)
823 http fetch GET 200 https://registry.npmjs.org/rgbcolor/-/rgbcolor-1.0.1.tgz 3231ms (cache miss)
824 http fetch GET 200 https://registry.npmjs.org/picocolors/-/picocolors-1.1.1.tgz 3648ms (cache miss)
825 http fetch GET 200 https://registry.npmjs.org/regenerator-runtime/-/regenerator-runtime-0.14.1.tgz 3696ms (cache miss)
826 http fetch GET 200 https://registry.npmjs.org/path-parse/-/path-parse-1.0.7.tgz 3665ms (cache miss)
827 http fetch GET 200 https://registry.npmjs.org/rimraf/-/rimraf-3.0.2.tgz 3720ms (cache miss)
828 http fetch GET 200 https://registry.npmjs.org/path-type/-/path-type-4.0.0.tgz 3988ms (cache miss)
829 http fetch GET 200 https://registry.npmjs.org/parent-module/-/parent-module-1.0.1.tgz 3990ms (cache miss)
830 http fetch GET 200 https://registry.npmjs.org/parse-json/-/parse-json-5.2.0.tgz 3998ms (cache miss)
831 http fetch GET 200 https://registry.npmjs.org/path-key/-/path-key-3.1.1.tgz 4001ms (cache miss)
832 warn deprecated rimraf@3.0.2: Rimraf versions prior to v4 are no longer supported
833 http fetch GET 200 https://registry.npmjs.org/p-limit/-/p-limit-3.1.0.tgz 4042ms (cache miss)
834 http fetch GET 200 https://registry.npmjs.org/once/-/once-1.4.0.tgz 4041ms (cache miss)
835 http fetch GET 200 https://registry.npmjs.org/nopt/-/nopt-5.0.0.tgz 4133ms (cache miss)
836 http fetch GET 200 https://registry.npmjs.org/type-check/-/type-check-0.4.0.tgz 4244ms (cache miss)
837 http fetch GET 200 https://registry.npmjs.org/path-is-absolute/-/path-is-absolute-1.0.1.tgz 4158ms (cache miss)
838 http fetch GET 200 https://registry.npmjs.org/p-locate/-/p-locate-5.0.0.tgz 4227ms (cache miss)
839 http fetch GET 200 https://registry.npmjs.org/path-exists/-/path-exists-4.0.0.tgz 4320ms (cache miss)
840 http fetch GET 200 https://registry.npmjs.org/whatwg-url/-/whatwg-url-5.0.0.tgz 4443ms (cache miss)
841 http fetch GET 200 https://registry.npmjs.org/proxy-from-env/-/proxy-from-env-1.1.0.tgz 4383ms (cache miss)
842 http fetch GET 200 https://registry.npmjs.org/raf/-/raf-3.4.1.tgz 4386ms (cache miss)
843 http fetch GET 200 https://registry.npmjs.org/npmlog/-/npmlog-5.0.1.tgz 4402ms (cache miss)
844 warn deprecated npmlog@5.0.1: This package is no longer supported.
845 http fetch GET 200 https://registry.npmjs.org/natural-compare/-/natural-compare-1.4.0.tgz 4404ms (cache miss)
846 http fetch GET 200 https://registry.npmjs.org/minizlib/-/minizlib-2.1.2.tgz 4401ms (cache miss)
847 http fetch GET 200 https://registry.npmjs.org/locate-path/-/locate-path-6.0.0.tgz 4399ms (cache miss)
848 http fetch GET 200 https://registry.npmjs.org/loose-envify/-/loose-envify-1.4.0.tgz 4401ms (cache miss)
849 http fetch GET 200 https://registry.npmjs.org/lines-and-columns/-/lines-and-columns-1.2.4.tgz 4488ms (cache miss)
850 http fetch GET 200 https://registry.npmjs.org/mimic-response/-/mimic-response-2.1.0.tgz 4622ms (cache miss)
851 http fetch GET 200 https://registry.npmjs.org/isexe/-/isexe-2.0.0.tgz 4598ms (cache miss)
852 http fetch GET 200 https://registry.npmjs.org/supports-preserve-symlinks-flag/-/supports-preserve-symlinks-flag-1.0.0.tgz 4787ms (cache miss)
853 http fetch GET 200 https://registry.npmjs.org/json-schema-traverse/-/json-schema-traverse-0.4.1.tgz 4664ms (cache miss)
854 http fetch GET 200 https://registry.npmjs.org/lru-cache/-/lru-cache-5.1.1.tgz 4678ms (cache miss)
855 http fetch GET 200 https://registry.npmjs.org/lodash.merge/-/lodash.merge-4.6.2.tgz 4744ms (cache miss)
856 http fetch GET 200 https://registry.npmjs.org/json-parse-even-better-errors/-/json-parse-even-better-errors-2.3.1.tgz 4747ms (cache miss)
857 http fetch GET 200 https://registry.npmjs.org/make-dir/-/make-dir-3.1.0.tgz 4770ms (cache miss)
858 http fetch GET 200 https://registry.npmjs.org/has-flag/-/has-flag-4.0.0.tgz 4740ms (cache miss)
859 http fetch GET 200 https://registry.npmjs.org/is-fullwidth-code-point/-/is-fullwidth-code-point-3.0.0.tgz 4757ms (cache miss)
860 http fetch GET 200 https://registry.npmjs.org/json-buffer/-/json-buffer-3.0.1.tgz 4760ms (cache miss)
861 http fetch GET 200 https://registry.npmjs.org/import-fresh/-/import-fresh-3.3.1.tgz 4780ms (cache miss)
862 http fetch GET 200 https://registry.npmjs.org/node-releases/-/node-releases-2.0.19.tgz 4861ms (cache miss)
863 http fetch GET 200 https://registry.npmjs.org/is-arrayish/-/is-arrayish-0.2.1.tgz 4819ms (cache miss)
864 http fetch GET 200 https://registry.npmjs.org/js-tokens/-/js-tokens-4.0.0.tgz 4826ms (cache miss)
865 http fetch GET 200 https://registry.npmjs.org/imurmurhash/-/imurmurhash-0.1.4.tgz 4820ms (cache miss)
866 http fetch GET 200 https://registry.npmjs.org/keyv/-/keyv-4.5.4.tgz 4847ms (cache miss)
867 http fetch GET 200 https://registry.npmjs.org/fs-minipass/-/fs-minipass-2.1.0.tgz 4807ms (cache miss)
868 http fetch GET 200 https://registry.npmjs.org/follow-redirects/-/follow-redirects-1.15.9.tgz 4822ms (cache miss)
869 http fetch GET 200 https://registry.npmjs.org/has-unicode/-/has-unicode-2.0.1.tgz 4846ms (cache miss)
870 http fetch GET 200 https://registry.npmjs.org/glob-parent/-/glob-parent-6.0.2.tgz 5042ms (cache miss)
871 http fetch GET 200 https://registry.npmjs.org/glob/-/glob-7.2.3.tgz 5045ms (cache miss)
872 http fetch GET 200 https://registry.npmjs.org/inflight/-/inflight-1.0.6.tgz 5032ms (cache miss)
873 http fetch GET 200 https://registry.npmjs.org/flat-cache/-/flat-cache-4.0.1.tgz 5118ms (cache miss)
874 http fetch GET 200 https://registry.npmjs.org/fast-json-stable-stringify/-/fast-json-stable-stringify-2.1.0.tgz 5161ms (cache miss)
875 http fetch GET 200 https://registry.npmjs.org/fast-levenshtein/-/fast-levenshtein-2.0.6.tgz 5164ms (cache miss)
876 http fetch GET 200 https://registry.npmjs.org/find-up/-/find-up-5.0.0.tgz 5212ms (cache miss)
877 http fetch GET 200 https://registry.npmjs.org/fs.realpath/-/fs.realpath-1.0.0.tgz 5242ms (cache miss)
878 http fetch GET 200 https://registry.npmjs.org/find-root/-/find-root-1.1.0.tgz 5258ms (cache miss)
879 warn deprecated inflight@1.0.6: This module is not supported, and leaks memory. Do not use it. Check out lru-cache if you want a good and tested way to coalesce async requests by a key value, which is much more comprehensive and powerful.
880 http fetch GET 200 https://registry.npmjs.org/ignore/-/ignore-5.3.2.tgz 5315ms (cache miss)
881 http fetch GET 200 https://registry.npmjs.org/react-is/-/react-is-16.13.1.tgz 5511ms (cache miss)
882 http fetch GET 200 https://registry.npmjs.org/jsesc/-/jsesc-3.1.0.tgz 5461ms (cache miss)
883 http fetch GET 200 https://registry.npmjs.org/esutils/-/esutils-2.0.3.tgz 5457ms (cache miss)
884 http fetch GET 200 https://registry.npmjs.org/semver/-/semver-6.3.1.tgz 5665ms (cache miss)
885 http fetch GET 200 https://registry.npmjs.org/optionator/-/optionator-0.9.4.tgz 5601ms (cache miss)
886 http fetch GET 200 https://registry.npmjs.org/levn/-/levn-0.4.1.tgz 5601ms (cache miss)
887 http fetch GET 200 https://registry.npmjs.org/is-core-module/-/is-core-module-2.16.1.tgz 5563ms (cache miss)
888 http fetch GET 200 https://registry.npmjs.org/eslint-plugin-react-refresh/-/eslint-plugin-react-refresh-0.4.19.tgz 5641ms (cache miss)
889 http fetch GET 200 https://registry.npmjs.org/minipass/-/minipass-5.0.0.tgz 5754ms (cache miss)
890 http fetch GET 200 https://registry.npmjs.org/esrecurse/-/esrecurse-4.3.0.tgz 5713ms (cache miss)
891 http fetch GET 200 https://registry.npmjs.org/escape-string-regexp/-/escape-string-regexp-4.0.0.tgz 5776ms (cache miss)
892 http fetch GET 200 https://registry.npmjs.org/uqr/-/uqr-0.1.2.tgz 5999ms (cache miss)
893 warn deprecated glob@7.2.3: Glob versions prior to v9 are no longer supported
894 http fetch GET 200 https://registry.npmjs.org/react-refresh/-/react-refresh-0.14.2.tgz 6018ms (cache miss)
895 http fetch GET 200 https://registry.npmjs.org/emoji-regex/-/emoji-regex-8.0.0.tgz 5913ms (cache miss)
896 http fetch GET 200 https://registry.npmjs.org/error-ex/-/error-ex-1.3.2.tgz 5928ms (cache miss)
897 http fetch GET 200 https://registry.npmjs.org/gensync/-/gensync-1.0.0-beta.2.tgz 6011ms (cache miss)
898 http fetch GET 200 https://registry.npmjs.org/escalade/-/escalade-3.2.0.tgz 6022ms (cache miss)
899 http fetch GET 200 https://registry.npmjs.org/decompress-response/-/decompress-response-4.2.1.tgz 6020ms (cache miss)
900 http fetch GET 200 https://registry.npmjs.org/estraverse/-/estraverse-5.3.0.tgz 6082ms (cache miss)
901 http fetch GET 200 https://registry.npmjs.org/detect-libc/-/detect-libc-2.0.3.tgz 6071ms (cache miss)
902 http fetch GET 200 https://registry.npmjs.org/delegates/-/delegates-1.0.0.tgz 6111ms (cache miss)
903 http fetch GET 200 https://registry.npmjs.org/delayed-stream/-/delayed-stream-1.0.0.tgz 6114ms (cache miss)
904 http fetch GET 200 https://registry.npmjs.org/form-data/-/form-data-4.0.2.tgz 6220ms (cache miss)
905 http fetch GET 200 https://registry.npmjs.org/proxy-compare/-/proxy-compare-3.0.1.tgz 6335ms (cache miss)
906 http fetch GET 200 https://registry.npmjs.org/console-control-strings/-/console-control-strings-1.1.0.tgz 6215ms (cache miss)
907 http fetch GET 200 https://registry.npmjs.org/globals/-/globals-15.15.0.tgz 6419ms (cache miss)
908 http fetch GET 200 https://registry.npmjs.org/color-support/-/color-support-1.1.3.tgz 6418ms (cache miss)
909 http fetch GET 200 https://registry.npmjs.org/combined-stream/-/combined-stream-1.0.8.tgz 6422ms (cache miss)
910 http fetch GET 200 https://registry.npmjs.org/convert-source-map/-/convert-source-map-2.0.0.tgz 6439ms (cache miss)
911 http fetch GET 200 https://registry.npmjs.org/path2d-polyfill/-/path2d-polyfill-2.0.1.tgz 6628ms (cache miss)
912 http fetch GET 200 https://registry.npmjs.org/cross-spawn/-/cross-spawn-7.0.6.tgz 6482ms (cache miss)
913 http fetch GET 200 https://registry.npmjs.org/prelude-ls/-/prelude-ls-1.2.1.tgz 6654ms (cache miss)
914 http fetch GET 200 https://registry.npmjs.org/tr46/-/tr46-0.0.3.tgz 6748ms (cache miss)
915 http fetch GET 200 https://registry.npmjs.org/hoist-non-react-statics/-/hoist-non-react-statics-3.3.2.tgz 6589ms (cache miss)
916 http fetch GET 200 https://registry.npmjs.org/chownr/-/chownr-2.0.0.tgz 6515ms (cache miss)
917 http fetch GET 200 https://registry.npmjs.org/color-name/-/color-name-1.1.4.tgz 6515ms (cache miss)
918 http fetch GET 200 https://registry.npmjs.org/callsites/-/callsites-3.1.0.tgz 6640ms (cache miss)
919 http fetch GET 200 https://registry.npmjs.org/clsx/-/clsx-2.1.1.tgz 6670ms (cache miss)
920 http fetch GET 200 https://registry.npmjs.org/tslib/-/tslib-2.8.1.tgz 6927ms (cache miss)
921 http fetch GET 200 https://registry.npmjs.org/btoa/-/btoa-1.2.1.tgz 6675ms (cache miss)
922 http fetch GET 200 https://registry.npmjs.org/prop-types/-/prop-types-15.8.1.tgz 6877ms (cache miss)
923 http fetch GET 200 https://registry.npmjs.org/fast-safe-stringify/-/fast-safe-stringify-2.1.1.tgz 6840ms (cache miss)
924 http fetch GET 200 https://registry.npmjs.org/base64-arraybuffer/-/base64-arraybuffer-1.0.2.tgz 6773ms (cache miss)
925 http fetch GET 200 https://registry.npmjs.org/atob/-/atob-2.1.2.tgz 6806ms (cache miss)
926 http fetch GET 200 https://registry.npmjs.org/aproba/-/aproba-2.0.0.tgz 6817ms (cache miss)
927 http fetch GET 200 https://registry.npmjs.org/asynckit/-/asynckit-0.4.0.tgz 6820ms (cache miss)
928 http fetch GET 200 https://registry.npmjs.org/are-we-there-yet/-/are-we-there-yet-2.0.0.tgz 6823ms (cache miss)
929 http fetch GET 200 https://registry.npmjs.org/node-fetch/-/node-fetch-2.7.0.tgz 7013ms (cache miss)
930 http fetch GET 200 https://registry.npmjs.org/babel-plugin-macros/-/babel-plugin-macros-3.1.0.tgz 6892ms (cache miss)
931 http fetch GET 200 https://registry.npmjs.org/ansi-regex/-/ansi-regex-5.0.1.tgz 6892ms (cache miss)
932 http fetch GET 200 https://registry.npmjs.org/color-convert/-/color-convert-2.0.1.tgz 6962ms (cache miss)
933 http fetch GET 200 https://registry.npmjs.org/ansi-styles/-/ansi-styles-4.3.0.tgz 6983ms (cache miss)
934 http fetch GET 200 https://registry.npmjs.org/mkdirp/-/mkdirp-1.0.4.tgz 7157ms (cache miss)
935 http fetch GET 200 https://registry.npmjs.org/esbuild/-/esbuild-0.25.1.tgz 7080ms (cache miss)
936 http fetch GET 200 https://registry.npmjs.org/es-set-tostringtag/-/es-set-tostringtag-2.1.0.tgz 7094ms (cache miss)
937 http fetch GET 200 https://registry.npmjs.org/stackblur-canvas/-/stackblur-canvas-2.7.0.tgz 7320ms (cache miss)
938 http fetch GET 200 https://registry.npmjs.org/abbrev/-/abbrev-1.1.1.tgz 7053ms (cache miss)
939 http fetch GET 200 https://registry.npmjs.org/scheduler/-/scheduler-0.25.0.tgz 7324ms (cache miss)
940 http fetch GET 200 https://registry.npmjs.org/eslint-visitor-keys/-/eslint-visitor-keys-4.2.0.tgz 7265ms (cache miss)
941 http fetch GET 200 https://registry.npmjs.org/@zag-js/utils/-/utils-0.82.2.tgz 7210ms (cache miss)
942 http fetch GET 200 https://registry.npmjs.org/fast-deep-equal/-/fast-deep-equal-3.1.3.tgz 7335ms (cache miss)
943 http fetch GET 200 https://registry.npmjs.org/chalk/-/chalk-4.1.2.tgz 7288ms (cache miss)
944 http fetch GET 200 https://registry.npmjs.org/deep-is/-/deep-is-0.1.4.tgz 7359ms (cache miss)
945 http fetch GET 200 https://registry.npmjs.org/@zag-js/timer/-/timer-0.82.2.tgz 7301ms (cache miss)
946 http fetch GET 200 https://registry.npmjs.org/@zag-js/tabs/-/tabs-0.82.2.tgz 7299ms (cache miss)
947 http fetch GET 200 https://registry.npmjs.org/@zag-js/tooltip/-/tooltip-0.82.2.tgz 7328ms (cache miss)
948 http fetch GET 200 https://registry.npmjs.org/acorn-jsx/-/acorn-jsx-5.3.2.tgz 7378ms (cache miss)
949 http fetch GET 200 https://registry.npmjs.org/@zag-js/toggle-group/-/toggle-group-0.82.2.tgz 7368ms (cache miss)
950 http fetch GET 200 https://registry.npmjs.org/@zag-js/switch/-/switch-0.82.2.tgz 7361ms (cache miss)
951 http fetch GET 200 https://registry.npmjs.org/flatted/-/flatted-3.3.3.tgz 7499ms (cache miss)
952 http fetch GET 200 https://registry.npmjs.org/https-proxy-agent/-/https-proxy-agent-5.0.1.tgz 7524ms (cache miss)
953 http fetch GET 200 https://registry.npmjs.org/espree/-/espree-10.3.0.tgz 7525ms (cache miss)
954 http fetch GET 200 https://registry.npmjs.org/@zag-js/store/-/store-0.82.2.tgz 7416ms (cache miss)
955 http fetch GET 200 https://registry.npmjs.org/@zag-js/steps/-/steps-0.82.2.tgz 7441ms (cache miss)
956 http fetch GET 200 https://registry.npmjs.org/argparse/-/argparse-2.0.1.tgz 7531ms (cache miss)
957 http fetch GET 200 https://registry.npmjs.org/@zag-js/splitter/-/splitter-0.82.2.tgz 7532ms (cache miss)
958 http fetch GET 200 https://registry.npmjs.org/@zag-js/scroll-snap/-/scroll-snap-0.82.2.tgz 7614ms (cache miss)
959 http fetch GET 200 https://registry.npmjs.org/@zag-js/remove-scroll/-/remove-scroll-0.82.2.tgz 7613ms (cache miss)
960 http fetch GET 200 https://registry.npmjs.org/eslint-plugin-react-hooks/-/eslint-plugin-react-hooks-5.2.0.tgz 8045ms (cache miss)
961 http fetch GET 200 https://registry.npmjs.org/@zag-js/qr-code/-/qr-code-0.82.2.tgz 7950ms (cache miss)
962 http fetch GET 200 https://registry.npmjs.org/@zag-js/rating-group/-/rating-group-0.82.2.tgz 7985ms (cache miss)
963 http fetch GET 200 https://registry.npmjs.org/@zag-js/progress/-/progress-0.82.2.tgz 7983ms (cache miss)
964 http fetch GET 200 https://registry.npmjs.org/@zag-js/popper/-/popper-0.82.2.tgz 7983ms (cache miss)
965 http fetch GET 200 https://registry.npmjs.org/@zag-js/radio-group/-/radio-group-0.82.2.tgz 7988ms (cache miss)
966 http fetch GET 200 https://registry.npmjs.org/electron-to-chromium/-/electron-to-chromium-1.5.116.tgz 8155ms (cache miss)
967 http fetch GET 200 https://registry.npmjs.org/@zag-js/react/-/react-0.82.2.tgz 8053ms (cache miss)
968 http fetch GET 200 https://registry.npmjs.org/has-tostringtag/-/has-tostringtag-1.0.2.tgz 8226ms (cache miss)
969 http fetch GET 200 https://registry.npmjs.org/@zag-js/popover/-/popover-0.82.2.tgz 8084ms (cache miss)
970 http fetch GET 200 https://registry.npmjs.org/browserslist/-/browserslist-4.24.4.tgz 8174ms (cache miss)
971 http fetch GET 200 https://registry.npmjs.org/@zag-js/tree-view/-/tree-view-0.82.2.tgz 8163ms (cache miss)
972 warn deprecated are-we-there-yet@2.0.0: This package is no longer supported.
973 http fetch GET 200 https://registry.npmjs.org/@zag-js/presence/-/presence-0.82.2.tgz 8276ms (cache miss)
974 http fetch GET 200 https://registry.npmjs.org/performance-now/-/performance-now-2.1.0.tgz 8547ms (cache miss)
975 http fetch GET 200 https://registry.npmjs.org/@zag-js/types/-/types-0.82.2.tgz 8334ms (cache miss)
976 http fetch GET 200 https://registry.npmjs.org/@zag-js/number-input/-/number-input-0.82.2.tgz 8297ms (cache miss)
977 http fetch GET 200 https://registry.npmjs.org/@zag-js/interact-outside/-/interact-outside-0.82.2.tgz 8293ms (cache miss)
978 http fetch GET 200 https://registry.npmjs.org/@zag-js/toast/-/toast-0.82.2.tgz 8377ms (cache miss)
979 http fetch GET 200 https://registry.npmjs.org/@zag-js/tour/-/tour-0.82.2.tgz 8385ms (cache miss)
980 http fetch GET 200 https://registry.npmjs.org/json-stable-stringify-without-jsonify/-/json-stable-stringify-without-jsonify-1.0.1.tgz 8543ms (cache miss)
981 http fetch GET 200 https://registry.npmjs.org/@zag-js/live-region/-/live-region-0.82.2.tgz 8368ms (cache miss)
982 http fetch GET 200 https://registry.npmjs.org/gauge/-/gauge-3.0.2.tgz 8534ms (cache miss)
983 http fetch GET 200 https://registry.npmjs.org/react-chartjs-2/-/react-chartjs-2-5.3.0.tgz 8746ms (cache miss)
984 warn deprecated gauge@3.0.2: This package is no longer supported.
985 http fetch GET 200 https://registry.npmjs.org/@zag-js/time-picker/-/time-picker-0.82.2.tgz 8573ms (cache miss)
986 http fetch GET 200 https://registry.npmjs.org/@zag-js/i18n-utils/-/i18n-utils-0.82.2.tgz 8572ms (cache miss)
987 http fetch GET 200 https://registry.npmjs.org/@zag-js/pin-input/-/pin-input-0.82.2.tgz 8571ms (cache miss)
988 http fetch GET 200 https://registry.npmjs.org/@zag-js/focus-trap/-/focus-trap-0.82.2.tgz 8621ms (cache miss)
989 http fetch GET 200 https://registry.npmjs.org/@zag-js/file-utils/-/file-utils-0.82.2.tgz 8627ms (cache miss)
990 http fetch GET 200 https://registry.npmjs.org/@zag-js/file-upload/-/file-upload-0.82.2.tgz 8626ms (cache miss)
991 http fetch GET 200 https://registry.npmjs.org/@zag-js/focus-visible/-/focus-visible-0.82.2.tgz 8632ms (cache miss)
992 http fetch GET 200 https://registry.npmjs.org/@zag-js/hover-card/-/hover-card-0.82.2.tgz 8646ms (cache miss)
993 http fetch GET 200 https://registry.npmjs.org/@zag-js/element-size/-/element-size-0.82.2.tgz 8652ms (cache miss)
994 http fetch GET 200 https://registry.npmjs.org/@zag-js/dismissable/-/dismissable-0.82.2.tgz 8650ms (cache miss)
995 http fetch GET 200 https://registry.npmjs.org/@zag-js/date-utils/-/date-utils-0.82.2.tgz 8649ms (cache miss)
996 http fetch GET 200 https://registry.npmjs.org/@zag-js/tags-input/-/tags-input-0.82.2.tgz 8696ms (cache miss)
997 http fetch GET 200 https://registry.npmjs.org/@zag-js/signature-pad/-/signature-pad-0.82.2.tgz 8745ms (cache miss)
998 http fetch GET 200 https://registry.npmjs.org/source-map-js/-/source-map-js-1.2.1.tgz 9075ms (cache miss)
999 http fetch GET 200 https://registry.npmjs.org/@zag-js/slider/-/slider-0.82.2.tgz 8884ms (cache miss)
1000 http fetch GET 200 https://registry.npmjs.org/@zag-js/element-rect/-/element-rect-0.82.2.tgz 8858ms (cache miss)
1001 http fetch GET 200 https://registry.npmjs.org/@zag-js/editable/-/editable-0.82.2.tgz 8859ms (cache miss)
1002 http fetch GET 200 https://registry.npmjs.org/@zag-js/dialog/-/dialog-0.82.2.tgz 8857ms (cache miss)
1003 http fetch GET 200 https://registry.npmjs.org/@zag-js/checkbox/-/checkbox-0.82.2.tgz 9262ms (cache miss)
1004 http fetch GET 200 https://registry.npmjs.org/@zag-js/highlight-word/-/highlight-word-0.82.2.tgz 9463ms (cache miss)
1005 http fetch GET 200 https://registry.npmjs.org/@zag-js/clipboard/-/clipboard-0.82.2.tgz 9713ms (cache miss)
1006 http fetch GET 200 https://registry.npmjs.org/@types/parse-json/-/parse-json-4.0.2.tgz 10046ms (cache miss)
1007 http fetch GET 200 https://registry.npmjs.org/@zag-js/rect-utils/-/rect-utils-0.82.2.tgz 10147ms (cache miss)
1008 http fetch GET 200 https://registry.npmjs.org/@zag-js/collapsible/-/collapsible-0.82.2.tgz 10135ms (cache miss)
1009 http fetch GET 200 https://registry.npmjs.org/@types/estree/-/estree-1.0.6.tgz 10109ms (cache miss)
1010 http fetch GET 200 https://registry.npmjs.org/@zag-js/aria-hidden/-/aria-hidden-0.82.2.tgz 10127ms (cache miss)
1011 http fetch GET 200 https://registry.npmjs.org/@types/react-dom/-/react-dom-19.0.4.tgz 10118ms (cache miss)
1012 http fetch GET 200 https://registry.npmjs.org/@types/trusted-types/-/trusted-types-2.0.7.tgz 10112ms (cache miss)
1013 http fetch GET 200 https://registry.npmjs.org/@zag-js/accordion/-/accordion-0.82.2.tgz 10129ms (cache miss)
1014 http fetch GET 200 https://registry.npmjs.org/@zag-js/anatomy/-/anatomy-0.82.2.tgz 10135ms (cache miss)
1015 http fetch GET 200 https://registry.npmjs.org/@types/babel__generator/-/babel__generator-7.6.8.tgz 10116ms (cache miss)
1016 http fetch GET 200 https://registry.npmjs.org/@zag-js/auto-resize/-/auto-resize-0.82.2.tgz 10449ms (cache miss)
1017 http fetch GET 200 https://registry.npmjs.org/@zag-js/select/-/select-0.82.2.tgz 10697ms (cache miss)
1018 http fetch GET 200 https://registry.npmjs.org/@zag-js/avatar/-/avatar-0.82.2.tgz 10641ms (cache miss)
1019 http fetch GET 200 https://registry.npmjs.org/@zag-js/carousel/-/carousel-0.82.2.tgz 10683ms (cache miss)
1020 http fetch GET 200 https://registry.npmjs.org/@types/raf/-/raf-3.4.3.tgz 10708ms (cache miss)
1021 http fetch GET 200 https://registry.npmjs.org/@zag-js/color-utils/-/color-utils-0.82.2.tgz 10997ms (cache miss)
1022 http fetch GET 200 https://registry.npmjs.org/@react-pdf-viewer/selection-mode/-/selection-mode-3.12.0.tgz 10995ms (cache miss)
1023 http fetch GET 200 https://registry.npmjs.org/@types/babel__traverse/-/babel__traverse-7.20.6.tgz 11032ms (cache miss)
1024 http fetch GET 200 https://registry.npmjs.org/@types/json-schema/-/json-schema-7.0.15.tgz 11065ms (cache miss)
1025 http fetch GET 200 https://registry.npmjs.org/@vitejs/plugin-react/-/plugin-react-4.3.4.tgz 11095ms (cache miss)
1026 http fetch GET 200 https://registry.npmjs.org/@react-pdf-viewer/zoom/-/zoom-3.12.0.tgz 11109ms (cache miss)
1027 http fetch GET 200 https://registry.npmjs.org/@react-pdf-viewer/scroll-mode/-/scroll-mode-3.12.0.tgz 11150ms (cache miss)
1028 http fetch GET 200 https://registry.npmjs.org/@types/babel__core/-/babel__core-7.20.5.tgz 11221ms (cache miss)
1029 http fetch GET 200 https://registry.npmjs.org/@types/babel__template/-/babel__template-7.4.4.tgz 11228ms (cache miss)
1030 http fetch GET 200 https://registry.npmjs.org/stylis/-/stylis-4.2.0.tgz 11719ms (cache miss)
1031 http fetch GET 200 https://registry.npmjs.org/eslint-scope/-/eslint-scope-8.3.0.tgz 11578ms (cache miss)
1032 http fetch GET 200 https://registry.npmjs.org/proxy-memoize/-/proxy-memoize-3.0.1.tgz 11740ms (cache miss)
1033 http fetch GET 200 https://registry.npmjs.org/@zag-js/pagination/-/pagination-0.82.2.tgz 11485ms (cache miss)
1034 http fetch GET 200 https://registry.npmjs.org/@react-pdf-viewer/toolbar/-/toolbar-3.12.0.tgz 11427ms (cache miss)
1035 http fetch GET 200 https://registry.npmjs.org/@react-pdf-viewer/print/-/print-3.12.0.tgz 11413ms (cache miss)
1036 http fetch GET 200 https://registry.npmjs.org/@react-pdf-viewer/default-layout/-/default-layout-3.12.0.tgz 11416ms (cache miss)
1037 http fetch GET 200 https://registry.npmjs.org/@react-pdf-viewer/rotate/-/rotate-3.12.0.tgz 11432ms (cache miss)
1038 http fetch GET 200 https://registry.npmjs.org/@react-pdf-viewer/attachment/-/attachment-3.12.0.tgz 11433ms (cache miss)
1039 http fetch GET 200 https://registry.npmjs.org/@pandacss/is-valid-prop/-/is-valid-prop-0.41.0.tgz 11433ms (cache miss)
1040 http fetch GET 200 https://registry.npmjs.org/agent-base/-/agent-base-6.0.2.tgz 11598ms (cache miss)
1041 http fetch GET 200 https://registry.npmjs.org/@react-pdf-viewer/page-navigation/-/page-navigation-3.12.0.tgz 11450ms (cache miss)
1042 http fetch GET 200 https://registry.npmjs.org/@jridgewell/resolve-uri/-/resolve-uri-3.1.2.tgz 11446ms (cache miss)
1043 http fetch GET 200 https://registry.npmjs.org/@react-pdf-viewer/properties/-/properties-3.12.0.tgz 11469ms (cache miss)
1044 http fetch GET 200 https://registry.npmjs.org/@jridgewell/set-array/-/set-array-1.2.1.tgz 11449ms (cache miss)
1045 http fetch GET 200 https://registry.npmjs.org/@react-pdf-viewer/open/-/open-3.12.0.tgz 11467ms (cache miss)
1046 http fetch GET 200 https://registry.npmjs.org/@humanfs/node/-/node-0.16.6.tgz 11464ms (cache miss)
1047 http fetch GET 200 https://registry.npmjs.org/@eslint/object-schema/-/object-schema-2.1.6.tgz 11464ms (cache miss)
1048 http fetch GET 200 https://registry.npmjs.org/@floating-ui/utils/-/utils-0.2.9.tgz 11474ms (cache miss)
1049 http fetch GET 200 https://registry.npmjs.org/@eslint/plugin-kit/-/plugin-kit-0.2.7.tgz 11474ms (cache miss)
1050 http fetch GET 200 https://registry.npmjs.org/@eslint/config-helpers/-/config-helpers-0.1.0.tgz 11467ms (cache miss)
1051 http fetch GET 200 https://registry.npmjs.org/@react-pdf-viewer/get-file/-/get-file-3.12.0.tgz 11579ms (cache miss)
1052 http fetch GET 200 https://registry.npmjs.org/@humanwhocodes/retry/-/retry-0.4.2.tgz 11563ms (cache miss)
1053 http fetch GET 200 https://registry.npmjs.org/@react-pdf-viewer/full-screen/-/full-screen-3.12.0.tgz 11582ms (cache miss)
1054 http fetch GET 200 https://registry.npmjs.org/@eslint/js/-/js-9.22.0.tgz 11574ms (cache miss)
1055 http fetch GET 200 https://registry.npmjs.org/@zag-js/menu/-/menu-0.82.2.tgz 11719ms (cache miss)
1056 http fetch GET 200 https://registry.npmjs.org/@fortawesome/react-fontawesome/-/react-fontawesome-0.2.2.tgz 11596ms (cache miss)
1057 http fetch GET 200 https://registry.npmjs.org/@humanwhocodes/module-importer/-/module-importer-1.0.1.tgz 11631ms (cache miss)
1058 http fetch GET 200 https://registry.npmjs.org/@emotion/utils/-/utils-1.4.2.tgz 11597ms (cache miss)
1059 http fetch GET 200 https://registry.npmjs.org/@emotion/unitless/-/unitless-0.10.0.tgz 11666ms (cache miss)
1060 http fetch GET 200 https://registry.npmjs.org/@emotion/hash/-/hash-0.9.2.tgz 11731ms (cache miss)
1061 http fetch GET 200 https://registry.npmjs.org/@emotion/memoize/-/memoize-0.9.0.tgz 11737ms (cache miss)
1062 http fetch GET 200 https://registry.npmjs.org/@emotion/weak-memoize/-/weak-memoize-0.4.0.tgz 11819ms (cache miss)
1063 http fetch GET 200 https://registry.npmjs.org/dompurify/-/dompurify-3.2.4.tgz 12257ms (cache miss)
1064 http fetch GET 200 https://registry.npmjs.org/@babel/helper-validator-option/-/helper-validator-option-7.25.9.tgz 12019ms (cache miss)
1065 http fetch GET 200 https://registry.npmjs.org/@emotion/serialize/-/serialize-1.3.3.tgz 12104ms (cache miss)
1066 http fetch GET 200 https://registry.npmjs.org/@emotion/is-prop-valid/-/is-prop-valid-1.3.1.tgz 12097ms (cache miss)
1067 http fetch GET 200 https://registry.npmjs.org/@emotion/sheet/-/sheet-1.4.0.tgz 12117ms (cache miss)
1068 http fetch GET 200 https://registry.npmjs.org/@babel/plugin-transform-react-jsx-self/-/plugin-transform-react-jsx-self-7.25.9.tgz 12087ms (cache miss)
1069 http fetch GET 200 https://registry.npmjs.org/@emotion/use-insertion-effect-with-fallbacks/-/use-insertion-effect-with-fallbacks-1.2.0.tgz 12156ms (cache miss)
1070 http fetch GET 200 https://registry.npmjs.org/@zag-js/collection/-/collection-0.82.2.tgz 12322ms (cache miss)
1071 http fetch GET 200 https://registry.npmjs.org/@zag-js/core/-/core-0.82.2.tgz 12599ms (cache miss)
1072 http fetch GET 200 https://registry.npmjs.org/@babel/helper-validator-identifier/-/helper-validator-identifier-7.25.9.tgz 12420ms (cache miss)
1073 http fetch GET 200 https://registry.npmjs.org/@fortawesome/fontawesome-common-types/-/fontawesome-common-types-6.7.2.tgz 12503ms (cache miss)
1074 http fetch GET 200 https://registry.npmjs.org/@babel/plugin-transform-react-jsx-source/-/plugin-transform-react-jsx-source-7.25.9.tgz 12522ms (cache miss)
1075 http fetch GET 200 https://registry.npmjs.org/@zag-js/combobox/-/combobox-0.82.2.tgz 12729ms (cache miss)
1076 http fetch GET 200 https://registry.npmjs.org/text-segmentation/-/text-segmentation-1.0.3.tgz 13216ms (cache miss)
1077 http fetch GET 200 https://registry.npmjs.org/@zag-js/dom-query/-/dom-query-0.82.2.tgz 12882ms (cache miss)
1078 http fetch GET 200 https://registry.npmjs.org/@babel/helper-plugin-utils/-/helper-plugin-utils-7.26.5.tgz 12805ms (cache miss)
1079 http fetch GET 200 https://registry.npmjs.org/@babel/helper-module-imports/-/helper-module-imports-7.25.9.tgz 12807ms (cache miss)
1080 http fetch GET 200 https://registry.npmjs.org/@babel/helper-string-parser/-/helper-string-parser-7.25.9.tgz 12866ms (cache miss)
1081 http fetch GET 200 https://registry.npmjs.org/@zag-js/color-picker/-/color-picker-0.82.2.tgz 13049ms (cache miss)
1082 http fetch GET 200 https://registry.npmjs.org/@babel/compat-data/-/compat-data-7.26.8.tgz 12860ms (cache miss)
1083 http fetch GET 200 https://registry.npmjs.org/@zag-js/date-picker/-/date-picker-0.82.2.tgz 13283ms (cache miss)
1084 http fetch GET 200 https://registry.npmjs.org/yallist/-/yallist-4.0.0.tgz 13073ms (cache miss)
1085 http fetch GET 200 https://registry.npmjs.org/@eslint/core/-/core-0.12.0.tgz 13166ms (cache miss)
1086 http fetch GET 200 https://registry.npmjs.org/yallist/-/yallist-4.0.0.tgz 13144ms (cache miss)
1087 http fetch GET 200 https://registry.npmjs.org/yallist/-/yallist-4.0.0.tgz 13078ms (cache miss)
1088 http fetch GET 200 https://registry.npmjs.org/minipass/-/minipass-3.3.6.tgz 13083ms (cache miss)
1089 http fetch GET 200 https://registry.npmjs.org/file-entry-cache/-/file-entry-cache-8.0.0.tgz 13116ms (cache miss)
1090 http fetch GET 200 https://registry.npmjs.org/perfect-freehand/-/perfect-freehand-1.2.2.tgz 13669ms (cache miss)
1091 http fetch GET 200 https://registry.npmjs.org/convert-source-map/-/convert-source-map-1.9.0.tgz 13108ms (cache miss)
1092 http fetch GET 200 https://registry.npmjs.org/@react-pdf-viewer/thumbnail/-/thumbnail-3.12.0.tgz 13353ms (cache miss)
1093 http fetch GET 200 https://registry.npmjs.org/@react-pdf-viewer/theme/-/theme-3.12.0.tgz 13214ms (cache miss)
1094 http fetch GET 200 https://registry.npmjs.org/nanoid/-/nanoid-3.3.9.tgz 13673ms (cache miss)
1095 http fetch GET 200 https://registry.npmjs.org/@babel/code-frame/-/code-frame-7.26.2.tgz 13236ms (cache miss)
1096 http fetch GET 200 https://registry.npmjs.org/eslint-visitor-keys/-/eslint-visitor-keys-3.4.3.tgz 13161ms (cache miss)
1097 http fetch GET 200 https://registry.npmjs.org/json5/-/json5-2.2.3.tgz 13679ms (cache miss)
1098 http fetch GET 200 https://registry.npmjs.org/minipass/-/minipass-3.3.6.tgz 13172ms (cache miss)
1099 http fetch GET 200 https://registry.npmjs.org/acorn/-/acorn-8.14.1.tgz 13525ms (cache miss)
1100 http fetch GET 200 https://registry.npmjs.org/@humanwhocodes/retry/-/retry-0.3.1.tgz 13068ms (cache miss)
1101 http fetch GET 200 https://registry.npmjs.org/csstype/-/csstype-3.1.3.tgz 13622ms (cache miss)
1102 http fetch GET 200 https://registry.npmjs.org/regenerator-runtime/-/regenerator-runtime-0.13.11.tgz 13240ms (cache miss)
1103 http fetch GET 200 https://registry.npmjs.org/globals/-/globals-11.12.0.tgz 13139ms (cache miss)
1104 http fetch GET 200 https://registry.npmjs.org/@react-pdf-viewer/bookmark/-/bookmark-3.12.0.tgz 13488ms (cache miss)
1105 http fetch GET 200 https://registry.npmjs.org/@react-pdf-viewer/search/-/search-3.12.0.tgz 13512ms (cache miss)
1106 http fetch GET 200 https://registry.npmjs.org/@kurkle/color/-/color-0.3.4.tgz 13581ms (cache miss)
1107 http fetch GET 200 https://registry.npmjs.org/react/-/react-19.0.0.tgz 13998ms (cache miss)
1108 http fetch GET 200 https://registry.npmjs.org/globals/-/globals-14.0.0.tgz 13410ms (cache miss)
1109 http fetch GET 200 https://registry.npmjs.org/svg-pathdata/-/svg-pathdata-6.0.3.tgz 14163ms (cache miss)
1110 http fetch GET 200 https://registry.npmjs.org/utrie/-/utrie-1.0.2.tgz 14176ms (cache miss)
1111 http fetch GET 200 https://registry.npmjs.org/@eslint-community/eslint-utils/-/eslint-utils-4.5.1.tgz 13702ms (cache miss)
1112 http fetch GET 200 https://registry.npmjs.org/fflate/-/fflate-0.8.2.tgz 14040ms (cache miss)
1113 http fetch GET 200 https://registry.npmjs.org/esquery/-/esquery-1.6.0.tgz 14046ms (cache miss)
1114 http fetch GET 200 https://registry.npmjs.org/@react-pdf-viewer/core/-/core-3.12.0.tgz 13810ms (cache miss)
1115 http fetch GET 200 https://registry.npmjs.org/@jridgewell/gen-mapping/-/gen-mapping-0.3.8.tgz 13810ms (cache miss)
1116 http fetch GET 200 https://registry.npmjs.org/@eslint-community/regexpp/-/regexpp-4.12.1.tgz 13792ms (cache miss)
1117 http fetch GET 200 https://registry.npmjs.org/@fortawesome/fontawesome-svg-core/-/fontawesome-svg-core-6.7.2.tgz 13819ms (cache miss)
1118 http fetch GET 200 https://registry.npmjs.org/@humanfs/core/-/core-0.19.1.tgz 13861ms (cache miss)
1119 http fetch GET 200 https://registry.npmjs.org/@floating-ui/dom/-/dom-1.6.13.tgz 13855ms (cache miss)
1120 http fetch GET 200 https://registry.npmjs.org/react-toastify/-/react-toastify-11.0.5.tgz 14295ms (cache miss)
1121 http fetch GET 200 https://registry.npmjs.org/readable-stream/-/readable-stream-3.6.2.tgz 14327ms (cache miss)
1122 http fetch GET 200 https://registry.npmjs.org/@jridgewell/sourcemap-codec/-/sourcemap-codec-1.5.0.tgz 13954ms (cache miss)
1123 http fetch GET 200 https://registry.npmjs.org/@floating-ui/core/-/core-1.6.9.tgz 13970ms (cache miss)
1124 http fetch GET 200 https://registry.npmjs.org/source-map/-/source-map-0.5.7.tgz 14454ms (cache miss)
1125 http fetch GET 200 https://registry.npmjs.org/tar/-/tar-6.2.1.tgz 14553ms (cache miss)
1126 http fetch GET 200 https://registry.npmjs.org/@ampproject/remapping/-/remapping-2.3.0.tgz 14300ms (cache miss)
1127 http fetch GET 200 https://registry.npmjs.org/css-line-break/-/css-line-break-2.1.0.tgz 14815ms (cache miss)
1128 http fetch GET 200 https://registry.npmjs.org/@babel/helper-compilation-targets/-/helper-compilation-targets-7.26.5.tgz 14527ms (cache miss)
1129 http fetch GET 200 https://registry.npmjs.org/@babel/helper-module-transforms/-/helper-module-transforms-7.26.0.tgz 14807ms (cache miss)
1130 http fetch GET 200 https://registry.npmjs.org/@babel/template/-/template-7.26.9.tgz 14883ms (cache miss)
1131 http fetch GET 200 https://registry.npmjs.org/@jridgewell/trace-mapping/-/trace-mapping-0.3.25.tgz 14971ms (cache miss)
1132 http fetch GET 200 https://registry.npmjs.org/@eslint/config-array/-/config-array-0.19.2.tgz 15022ms (cache miss)
1133 http fetch GET 200 https://registry.npmjs.org/@internationalized/number/-/number-3.6.0.tgz 15241ms (cache miss)
1134 http fetch GET 200 https://registry.npmjs.org/nan/-/nan-2.22.2.tgz 15850ms (cache miss)
1135 http fetch GET 200 https://registry.npmjs.org/@babel/parser/-/parser-7.26.10.tgz 15434ms (cache miss)
1136 http fetch GET 200 https://registry.npmjs.org/@emotion/babel-plugin/-/babel-plugin-11.13.5.tgz 15464ms (cache miss)
1137 http fetch GET 200 https://registry.npmjs.org/js-yaml/-/js-yaml-4.1.0.tgz 15848ms (cache miss)
1138 http fetch GET 200 https://registry.npmjs.org/cosmiconfig/-/cosmiconfig-7.1.0.tgz 15960ms (cache miss)
1139 http fetch GET 200 https://registry.npmjs.org/motion-utils/-/motion-utils-12.8.3.tgz 16175ms (cache miss)
1140 http fetch GET 200 https://registry.npmjs.org/@types/react/-/react-19.0.10.tgz 15895ms (cache miss)
1141 http fetch GET 200 https://registry.npmjs.org/@mapbox/node-pre-gyp/-/node-pre-gyp-1.0.11.tgz 16044ms (cache miss)
1142 http fetch GET 200 https://registry.npmjs.org/postcss/-/postcss-8.5.3.tgz 16768ms (cache miss)
1143 http fetch GET 200 https://registry.npmjs.org/@eslint/eslintrc/-/eslintrc-3.3.0.tgz 16783ms (cache miss)
1144 http fetch GET 200 https://registry.npmjs.org/@emotion/cache/-/cache-11.14.0.tgz 16801ms (cache miss)
1145 http fetch GET 200 https://registry.npmjs.org/rollup/-/rollup-4.35.0.tgz 17505ms (cache miss)
1146 http fetch GET 200 https://registry.npmjs.org/@rollup/rollup-win32-x64-msvc/-/rollup-win32-x64-msvc-4.35.0.tgz 17144ms (cache miss)
1147 http fetch GET 200 https://registry.npmjs.org/uri-js/-/uri-js-4.4.1.tgz 17986ms (cache miss)
1148 http fetch GET 200 https://registry.npmjs.org/vite/-/vite-6.2.1.tgz 18069ms (cache miss)
1149 http fetch GET 200 https://registry.npmjs.org/canvas/-/canvas-2.11.2.tgz 17875ms (cache miss)
1150 http fetch GET 200 https://registry.npmjs.org/@babel/generator/-/generator-7.26.10.tgz 17758ms (cache miss)
1151 http fetch GET 200 https://registry.npmjs.org/yaml/-/yaml-1.10.2.tgz 17709ms (cache miss)
1152 http fetch GET 200 https://registry.npmjs.org/@babel/traverse/-/traverse-7.26.10.tgz 19041ms (cache miss)
1153 http fetch GET 200 https://registry.npmjs.org/react-dom/-/react-dom-19.0.0.tgz 19750ms (cache miss)
1154 http fetch GET 200 https://registry.npmjs.org/resolve/-/resolve-1.22.10.tgz 20533ms (cache miss)
1155 http fetch GET 200 https://registry.npmjs.org/ajv/-/ajv-6.12.6.tgz 20519ms (cache miss)
1156 http fetch GET 200 https://registry.npmjs.org/axios/-/axios-1.8.4.tgz 20742ms (cache miss)
1157 http fetch GET 200 https://registry.npmjs.org/@esbuild/win32-x64/-/win32-x64-0.25.1.tgz 20577ms (cache miss)
1158 http fetch GET 200 https://registry.npmjs.org/@internationalized/date/-/date-3.7.0.tgz 20801ms (cache miss)
1159 http fetch GET 200 https://registry.npmjs.org/jspdf/-/jspdf-3.0.0.tgz 21742ms (cache miss)
1160 http fetch GET 200 https://registry.npmjs.org/@babel/core/-/core-7.26.10.tgz 21591ms (cache miss)
1161 http fetch GET 200 https://registry.npmjs.org/@emotion/react/-/react-11.14.0.tgz 22027ms (cache miss)
1162 http fetch GET 200 https://registry.npmjs.org/chart.js/-/chart.js-4.4.9.tgz 22299ms (cache miss)
1163 http fetch GET 200 https://registry.npmjs.org/canvg/-/canvg-3.0.11.tgz 23017ms (cache miss)
1164 http fetch GET 200 https://registry.npmjs.org/motion-dom/-/motion-dom-12.9.1.tgz 23745ms (cache miss)
1165 http fetch GET 200 https://registry.npmjs.org/@babel/types/-/types-7.26.10.tgz 24117ms (cache miss)
1166 http fetch GET 200 https://registry.npmjs.org/@babel/runtime/-/runtime-7.26.10.tgz 24162ms (cache miss)
1167 http fetch GET 200 https://registry.npmjs.org/@babel/helpers/-/helpers-7.26.10.tgz 24943ms (cache miss)
1168 http fetch GET 200 https://registry.npmjs.org/yaml/-/yaml-2.7.0.tgz 25739ms (cache miss)
1169 http fetch GET 200 https://registry.npmjs.org/swiper/-/swiper-10.3.1.tgz 25720ms (cache miss)
1170 http fetch GET 200 https://registry.npmjs.org/@swc/helpers/-/helpers-0.5.15.tgz 28229ms (cache miss)
1171 http fetch GET 200 https://registry.npmjs.org/framer-motion/-/framer-motion-12.9.2.tgz 30976ms (cache miss)
1172 http fetch GET 200 https://registry.npmjs.org/eslint/-/eslint-9.22.0.tgz 34867ms (cache miss)
1173 http fetch GET 200 https://registry.npmjs.org/pdfjs-dist/-/pdfjs-dist-3.11.174.tgz 36419ms (cache miss)
1174 http fetch GET 200 https://registry.npmjs.org/html2canvas/-/html2canvas-1.4.1.tgz 37341ms (cache miss)
1175 http fetch GET 200 https://registry.npmjs.org/react-icons/-/react-icons-5.5.0.tgz 44094ms (cache miss)
1176 http fetch GET 200 https://registry.npmjs.org/caniuse-lite/-/caniuse-lite-1.0.30001704.tgz 45519ms (cache miss)
1177 http fetch GET 200 https://registry.npmjs.org/@chakra-ui/react/-/react-3.12.0.tgz 55266ms (cache miss)
1178 http fetch GET 200 https://registry.npmjs.org/@fortawesome/free-solid-svg-icons/-/free-solid-svg-icons-6.7.2.tgz 58355ms (cache miss)
1179 http fetch GET 200 https://registry.npmjs.org/@fortawesome/fontawesome-free/-/fontawesome-free-6.7.2.tgz 66950ms (cache miss)
1180 http fetch GET 200 https://registry.npmjs.org/core-js/-/core-js-3.41.0.tgz 69122ms (cache miss)
1181 http fetch GET 200 https://registry.npmjs.org/@ark-ui/react/-/react-4.9.2.tgz 72488ms (cache miss)
1182 http fetch GET 200 https://registry.npmjs.org/lucide-react/-/lucide-react-0.503.0.tgz 85973ms (cache miss)
1183 info run canvas@2.11.2 install node_modules/canvas node-pre-gyp install --fallback-to-build --update-binary
1184 info run canvas@2.11.2 install { code: 1, signal: null }
1185 verbose reify failed optional dependency E:\TNR\tnr-steel-sys\frontend\node_modules\canvas
1186 silly reify mark deleted [ 'E:\\TNR\\tnr-steel-sys\\frontend\\node_modules\\canvas' ]
1187 verbose reify failed optional dependency E:\TNR\tnr-steel-sys\frontend\node_modules\@mapbox\node-pre-gyp
1188 silly reify mark deleted [
1188 silly reify   'E:\\TNR\\tnr-steel-sys\\frontend\\node_modules\\@mapbox\\node-pre-gyp',
1188 silly reify   'E:\\TNR\\tnr-steel-sys\\frontend\\node_modules\\.bin\\node-pre-gyp',
1188 silly reify   'E:\\TNR\\tnr-steel-sys\\frontend\\node_modules\\.bin\\node-pre-gyp.cmd',
1188 silly reify   'E:\\TNR\\tnr-steel-sys\\frontend\\node_modules\\.bin\\node-pre-gyp.ps1'
1188 silly reify ]
1189 verbose reify failed optional dependency E:\TNR\tnr-steel-sys\frontend\node_modules\nan
1190 silly reify mark deleted [ 'E:\\TNR\\tnr-steel-sys\\frontend\\node_modules\\nan' ]
1191 verbose reify failed optional dependency E:\TNR\tnr-steel-sys\frontend\node_modules\simple-get
1192 silly reify mark deleted [ 'E:\\TNR\\tnr-steel-sys\\frontend\\node_modules\\simple-get' ]
1193 verbose reify failed optional dependency E:\TNR\tnr-steel-sys\frontend\node_modules\detect-libc
1194 silly reify mark deleted [ 'E:\\TNR\\tnr-steel-sys\\frontend\\node_modules\\detect-libc' ]
1195 verbose reify failed optional dependency E:\TNR\tnr-steel-sys\frontend\node_modules\https-proxy-agent
1196 silly reify mark deleted [ 'E:\\TNR\\tnr-steel-sys\\frontend\\node_modules\\https-proxy-agent' ]
1197 verbose reify failed optional dependency E:\TNR\tnr-steel-sys\frontend\node_modules\make-dir
1198 silly reify mark deleted [ 'E:\\TNR\\tnr-steel-sys\\frontend\\node_modules\\make-dir' ]
1199 verbose reify failed optional dependency E:\TNR\tnr-steel-sys\frontend\node_modules\node-fetch
1200 silly reify mark deleted [ 'E:\\TNR\\tnr-steel-sys\\frontend\\node_modules\\node-fetch' ]
1201 verbose reify failed optional dependency E:\TNR\tnr-steel-sys\frontend\node_modules\nopt
1202 silly reify mark deleted [
1202 silly reify   'E:\\TNR\\tnr-steel-sys\\frontend\\node_modules\\nopt',
1202 silly reify   'E:\\TNR\\tnr-steel-sys\\frontend\\node_modules\\.bin\\nopt',
1202 silly reify   'E:\\TNR\\tnr-steel-sys\\frontend\\node_modules\\.bin\\nopt.cmd',
1202 silly reify   'E:\\TNR\\tnr-steel-sys\\frontend\\node_modules\\.bin\\nopt.ps1'
1202 silly reify ]
1203 verbose reify failed optional dependency E:\TNR\tnr-steel-sys\frontend\node_modules\npmlog
1204 silly reify mark deleted [ 'E:\\TNR\\tnr-steel-sys\\frontend\\node_modules\\npmlog' ]
1205 verbose reify failed optional dependency E:\TNR\tnr-steel-sys\frontend\node_modules\rimraf
1206 silly reify mark deleted [
1206 silly reify   'E:\\TNR\\tnr-steel-sys\\frontend\\node_modules\\rimraf',
1206 silly reify   'E:\\TNR\\tnr-steel-sys\\frontend\\node_modules\\.bin\\rimraf',
1206 silly reify   'E:\\TNR\\tnr-steel-sys\\frontend\\node_modules\\.bin\\rimraf.cmd',
1206 silly reify   'E:\\TNR\\tnr-steel-sys\\frontend\\node_modules\\.bin\\rimraf.ps1'
1206 silly reify ]
1207 verbose reify failed optional dependency E:\TNR\tnr-steel-sys\frontend\node_modules\@mapbox\node-pre-gyp\node_modules\semver
1208 silly reify mark deleted [
1208 silly reify   'E:\\TNR\\tnr-steel-sys\\frontend\\node_modules\\@mapbox\\node-pre-gyp\\node_modules\\semver',
1208 silly reify   'E:\\TNR\\tnr-steel-sys\\frontend\\node_modules\\@mapbox\\node-pre-gyp\\node_modules\\.bin\\semver',
1208 silly reify   'E:\\TNR\\tnr-steel-sys\\frontend\\node_modules\\@mapbox\\node-pre-gyp\\node_modules\\.bin\\semver.cmd',
1208 silly reify   'E:\\TNR\\tnr-steel-sys\\frontend\\node_modules\\@mapbox\\node-pre-gyp\\node_modules\\.bin\\semver.ps1'
1208 silly reify ]
1209 verbose reify failed optional dependency E:\TNR\tnr-steel-sys\frontend\node_modules\tar
1210 silly reify mark deleted [ 'E:\\TNR\\tnr-steel-sys\\frontend\\node_modules\\tar' ]
1211 verbose reify failed optional dependency E:\TNR\tnr-steel-sys\frontend\node_modules\decompress-response
1212 silly reify mark deleted [
1212 silly reify   'E:\\TNR\\tnr-steel-sys\\frontend\\node_modules\\decompress-response'
1212 silly reify ]
1213 verbose reify failed optional dependency E:\TNR\tnr-steel-sys\frontend\node_modules\once
1214 silly reify mark deleted [ 'E:\\TNR\\tnr-steel-sys\\frontend\\node_modules\\once' ]
1215 verbose reify failed optional dependency E:\TNR\tnr-steel-sys\frontend\node_modules\simple-concat
1216 silly reify mark deleted [ 'E:\\TNR\\tnr-steel-sys\\frontend\\node_modules\\simple-concat' ]
1217 verbose reify failed optional dependency E:\TNR\tnr-steel-sys\frontend\node_modules\agent-base
1218 silly reify mark deleted [ 'E:\\TNR\\tnr-steel-sys\\frontend\\node_modules\\agent-base' ]
1219 verbose reify failed optional dependency E:\TNR\tnr-steel-sys\frontend\node_modules\whatwg-url
1220 silly reify mark deleted [ 'E:\\TNR\\tnr-steel-sys\\frontend\\node_modules\\whatwg-url' ]
1221 verbose reify failed optional dependency E:\TNR\tnr-steel-sys\frontend\node_modules\abbrev
1222 silly reify mark deleted [ 'E:\\TNR\\tnr-steel-sys\\frontend\\node_modules\\abbrev' ]
1223 verbose reify failed optional dependency E:\TNR\tnr-steel-sys\frontend\node_modules\are-we-there-yet
1224 silly reify mark deleted [ 'E:\\TNR\\tnr-steel-sys\\frontend\\node_modules\\are-we-there-yet' ]
1225 verbose reify failed optional dependency E:\TNR\tnr-steel-sys\frontend\node_modules\console-control-strings
1226 silly reify mark deleted [
1226 silly reify   'E:\\TNR\\tnr-steel-sys\\frontend\\node_modules\\console-control-strings'
1226 silly reify ]
1227 verbose reify failed optional dependency E:\TNR\tnr-steel-sys\frontend\node_modules\gauge
1228 silly reify mark deleted [ 'E:\\TNR\\tnr-steel-sys\\frontend\\node_modules\\gauge' ]
1229 verbose reify failed optional dependency E:\TNR\tnr-steel-sys\frontend\node_modules\set-blocking
1230 silly reify mark deleted [ 'E:\\TNR\\tnr-steel-sys\\frontend\\node_modules\\set-blocking' ]
1231 verbose reify failed optional dependency E:\TNR\tnr-steel-sys\frontend\node_modules\glob
1232 silly reify mark deleted [ 'E:\\TNR\\tnr-steel-sys\\frontend\\node_modules\\glob' ]
1233 verbose reify failed optional dependency E:\TNR\tnr-steel-sys\frontend\node_modules\chownr
1234 silly reify mark deleted [ 'E:\\TNR\\tnr-steel-sys\\frontend\\node_modules\\chownr' ]
1235 verbose reify failed optional dependency E:\TNR\tnr-steel-sys\frontend\node_modules\fs-minipass
1236 silly reify mark deleted [ 'E:\\TNR\\tnr-steel-sys\\frontend\\node_modules\\fs-minipass' ]
1237 verbose reify failed optional dependency E:\TNR\tnr-steel-sys\frontend\node_modules\minipass
1238 silly reify mark deleted [ 'E:\\TNR\\tnr-steel-sys\\frontend\\node_modules\\minipass' ]
1239 verbose reify failed optional dependency E:\TNR\tnr-steel-sys\frontend\node_modules\minizlib
1240 silly reify mark deleted [ 'E:\\TNR\\tnr-steel-sys\\frontend\\node_modules\\minizlib' ]
1241 verbose reify failed optional dependency E:\TNR\tnr-steel-sys\frontend\node_modules\mkdirp
1242 silly reify mark deleted [
1242 silly reify   'E:\\TNR\\tnr-steel-sys\\frontend\\node_modules\\mkdirp',
1242 silly reify   'E:\\TNR\\tnr-steel-sys\\frontend\\node_modules\\.bin\\mkdirp',
1242 silly reify   'E:\\TNR\\tnr-steel-sys\\frontend\\node_modules\\.bin\\mkdirp.cmd',
1242 silly reify   'E:\\TNR\\tnr-steel-sys\\frontend\\node_modules\\.bin\\mkdirp.ps1'
1242 silly reify ]
1243 verbose reify failed optional dependency E:\TNR\tnr-steel-sys\frontend\node_modules\tar\node_modules\yallist
1244 silly reify mark deleted [
1244 silly reify   'E:\\TNR\\tnr-steel-sys\\frontend\\node_modules\\tar\\node_modules\\yallist'
1244 silly reify ]
1245 verbose reify failed optional dependency E:\TNR\tnr-steel-sys\frontend\node_modules\mimic-response
1246 silly reify mark deleted [ 'E:\\TNR\\tnr-steel-sys\\frontend\\node_modules\\mimic-response' ]
1247 verbose reify failed optional dependency E:\TNR\tnr-steel-sys\frontend\node_modules\wrappy
1248 silly reify mark deleted [ 'E:\\TNR\\tnr-steel-sys\\frontend\\node_modules\\wrappy' ]
1249 verbose reify failed optional dependency E:\TNR\tnr-steel-sys\frontend\node_modules\tr46
1250 silly reify mark deleted [ 'E:\\TNR\\tnr-steel-sys\\frontend\\node_modules\\tr46' ]
1251 verbose reify failed optional dependency E:\TNR\tnr-steel-sys\frontend\node_modules\webidl-conversions
1252 silly reify mark deleted [
1252 silly reify   'E:\\TNR\\tnr-steel-sys\\frontend\\node_modules\\webidl-conversions'
1252 silly reify ]
1253 verbose reify failed optional dependency E:\TNR\tnr-steel-sys\frontend\node_modules\delegates
1254 silly reify mark deleted [ 'E:\\TNR\\tnr-steel-sys\\frontend\\node_modules\\delegates' ]
1255 verbose reify failed optional dependency E:\TNR\tnr-steel-sys\frontend\node_modules\readable-stream
1256 silly reify mark deleted [ 'E:\\TNR\\tnr-steel-sys\\frontend\\node_modules\\readable-stream' ]
1257 verbose reify failed optional dependency E:\TNR\tnr-steel-sys\frontend\node_modules\aproba
1258 silly reify mark deleted [ 'E:\\TNR\\tnr-steel-sys\\frontend\\node_modules\\aproba' ]
1259 verbose reify failed optional dependency E:\TNR\tnr-steel-sys\frontend\node_modules\color-support
1260 silly reify mark deleted [
1260 silly reify   'E:\\TNR\\tnr-steel-sys\\frontend\\node_modules\\color-support',
1260 silly reify   'E:\\TNR\\tnr-steel-sys\\frontend\\node_modules\\.bin\\color-support',
1260 silly reify   'E:\\TNR\\tnr-steel-sys\\frontend\\node_modules\\.bin\\color-support.cmd',
1260 silly reify   'E:\\TNR\\tnr-steel-sys\\frontend\\node_modules\\.bin\\color-support.ps1'
1260 silly reify ]
1261 verbose reify failed optional dependency E:\TNR\tnr-steel-sys\frontend\node_modules\has-unicode
1262 silly reify mark deleted [ 'E:\\TNR\\tnr-steel-sys\\frontend\\node_modules\\has-unicode' ]
1263 verbose reify failed optional dependency E:\TNR\tnr-steel-sys\frontend\node_modules\signal-exit
1264 silly reify mark deleted [ 'E:\\TNR\\tnr-steel-sys\\frontend\\node_modules\\signal-exit' ]
1265 verbose reify failed optional dependency E:\TNR\tnr-steel-sys\frontend\node_modules\string-width
1266 silly reify mark deleted [ 'E:\\TNR\\tnr-steel-sys\\frontend\\node_modules\\string-width' ]
1267 verbose reify failed optional dependency E:\TNR\tnr-steel-sys\frontend\node_modules\strip-ansi
1268 silly reify mark deleted [ 'E:\\TNR\\tnr-steel-sys\\frontend\\node_modules\\strip-ansi' ]
1269 verbose reify failed optional dependency E:\TNR\tnr-steel-sys\frontend\node_modules\wide-align
1270 silly reify mark deleted [ 'E:\\TNR\\tnr-steel-sys\\frontend\\node_modules\\wide-align' ]
1271 verbose reify failed optional dependency E:\TNR\tnr-steel-sys\frontend\node_modules\fs.realpath
1272 silly reify mark deleted [ 'E:\\TNR\\tnr-steel-sys\\frontend\\node_modules\\fs.realpath' ]
1273 verbose reify failed optional dependency E:\TNR\tnr-steel-sys\frontend\node_modules\inflight
1274 silly reify mark deleted [ 'E:\\TNR\\tnr-steel-sys\\frontend\\node_modules\\inflight' ]
1275 verbose reify failed optional dependency E:\TNR\tnr-steel-sys\frontend\node_modules\inherits
1276 silly reify mark deleted [ 'E:\\TNR\\tnr-steel-sys\\frontend\\node_modules\\inherits' ]
1277 verbose reify failed optional dependency E:\TNR\tnr-steel-sys\frontend\node_modules\path-is-absolute
1278 silly reify mark deleted [ 'E:\\TNR\\tnr-steel-sys\\frontend\\node_modules\\path-is-absolute' ]
1279 verbose reify failed optional dependency E:\TNR\tnr-steel-sys\frontend\node_modules\fs-minipass\node_modules\minipass
1280 silly reify mark deleted [
1280 silly reify   'E:\\TNR\\tnr-steel-sys\\frontend\\node_modules\\fs-minipass\\node_modules\\minipass'
1280 silly reify ]
1281 verbose reify failed optional dependency E:\TNR\tnr-steel-sys\frontend\node_modules\minizlib\node_modules\minipass
1282 silly reify mark deleted [
1282 silly reify   'E:\\TNR\\tnr-steel-sys\\frontend\\node_modules\\minizlib\\node_modules\\minipass'
1282 silly reify ]
1283 verbose reify failed optional dependency E:\TNR\tnr-steel-sys\frontend\node_modules\minizlib\node_modules\yallist
1284 silly reify mark deleted [
1284 silly reify   'E:\\TNR\\tnr-steel-sys\\frontend\\node_modules\\minizlib\\node_modules\\yallist'
1284 silly reify ]
1285 verbose reify failed optional dependency E:\TNR\tnr-steel-sys\frontend\node_modules\string_decoder
1286 silly reify mark deleted [ 'E:\\TNR\\tnr-steel-sys\\frontend\\node_modules\\string_decoder' ]
1287 verbose reify failed optional dependency E:\TNR\tnr-steel-sys\frontend\node_modules\util-deprecate
1288 silly reify mark deleted [ 'E:\\TNR\\tnr-steel-sys\\frontend\\node_modules\\util-deprecate' ]
1289 verbose reify failed optional dependency E:\TNR\tnr-steel-sys\frontend\node_modules\emoji-regex
1290 silly reify mark deleted [ 'E:\\TNR\\tnr-steel-sys\\frontend\\node_modules\\emoji-regex' ]
1291 verbose reify failed optional dependency E:\TNR\tnr-steel-sys\frontend\node_modules\is-fullwidth-code-point
1292 silly reify mark deleted [
1292 silly reify   'E:\\TNR\\tnr-steel-sys\\frontend\\node_modules\\is-fullwidth-code-point'
1292 silly reify ]
1293 verbose reify failed optional dependency E:\TNR\tnr-steel-sys\frontend\node_modules\ansi-regex
1294 silly reify mark deleted [ 'E:\\TNR\\tnr-steel-sys\\frontend\\node_modules\\ansi-regex' ]
1295 verbose reify failed optional dependency E:\TNR\tnr-steel-sys\frontend\node_modules\fs-minipass\node_modules\yallist
1296 silly reify mark deleted [
1296 silly reify   'E:\\TNR\\tnr-steel-sys\\frontend\\node_modules\\fs-minipass\\node_modules\\yallist'
1296 silly reify ]
1297 verbose reify failed optional dependency E:\TNR\tnr-steel-sys\frontend\node_modules\safe-buffer
1298 silly reify mark deleted [ 'E:\\TNR\\tnr-steel-sys\\frontend\\node_modules\\safe-buffer' ]
1299 info run core-js@3.41.0 postinstall node_modules/core-js node -e "try{require('./postinstall')}catch(e){}"
1300 info run esbuild@0.25.1 postinstall node_modules/esbuild node install.js
1301 info run core-js@3.41.0 postinstall { code: 0, signal: null }
1302 info run esbuild@0.25.1 postinstall { code: 0, signal: null }
1303 silly ADD node_modules/yocto-queue
1304 silly ADD node_modules/yaml
1305 silly ADD node_modules/yallist
1306 silly ADD
1307 silly ADD node_modules/word-wrap
1308 silly ADD
1309 silly ADD node_modules/which
1310 silly ADD
1311 silly ADD
1312 silly ADD node_modules/vite
1313 silly ADD node_modules/vegas
1314 silly ADD node_modules/utrie
1315 silly ADD
1316 silly ADD node_modules/uri-js
1317 silly ADD node_modules/uqr
1318 silly ADD node_modules/update-browserslist-db
1319 silly ADD node_modules/type-check
1320 silly ADD node_modules/tslib
1321 silly ADD
1322 silly ADD node_modules/text-segmentation
1323 silly ADD
1324 silly ADD node_modules/yallist
1325 silly ADD node_modules/swiper
1326 silly ADD node_modules/svg-pathdata
1327 silly ADD node_modules/supports-preserve-symlinks-flag
1328 silly ADD node_modules/supports-color
1329 silly ADD node_modules/stylis
1330 silly ADD node_modules/strip-json-comments
1331 silly ADD
1332 silly ADD
1333 silly ADD
1334 silly ADD node_modules/stackblur-canvas
1335 silly ADD node_modules/source-map-js
1336 silly ADD node_modules/source-map
1337 silly ADD
1338 silly ADD
1339 silly ADD
1340 silly ADD node_modules/shebang-regex
1341 silly ADD node_modules/shebang-command
1342 silly ADD node_modules/set-cookie-parser
1343 silly ADD
1344 silly ADD node_modules/semver
1345 silly ADD node_modules/scheduler
1346 silly ADD
1347 silly ADD node_modules/rollup
1348 silly ADD
1349 silly ADD node_modules/rgbcolor
1350 silly ADD node_modules/resolve-from
1351 silly ADD node_modules/resolve
1352 silly ADD node_modules/regenerator-runtime
1353 silly ADD
1354 silly ADD node_modules/react-toastify
1355 silly ADD node_modules/react-router-dom
1356 silly ADD node_modules/react-router
1357 silly ADD node_modules/react-refresh
1358 silly ADD node_modules/react-is
1359 silly ADD node_modules/react-icons
1360 silly ADD node_modules/react-dom
1361 silly ADD node_modules/react-chartjs-2
1362 silly ADD node_modules/react
1363 silly ADD node_modules/raf
1364 silly ADD node_modules/punycode
1365 silly ADD node_modules/proxy-memoize
1366 silly ADD node_modules/proxy-from-env
1367 silly ADD node_modules/proxy-compare
1368 silly ADD node_modules/prop-types
1369 silly ADD node_modules/prelude-ls
1370 silly ADD node_modules/postcss
1371 silly ADD node_modules/picocolors
1372 silly ADD node_modules/performance-now
1373 silly ADD node_modules/perfect-freehand
1374 silly ADD node_modules/pdfjs-dist
1375 silly ADD node_modules/path2d-polyfill
1376 silly ADD node_modules/path-type
1377 silly ADD node_modules/path-parse
1378 silly ADD node_modules/path-key
1379 silly ADD
1380 silly ADD node_modules/path-exists
1381 silly ADD node_modules/parse-json
1382 silly ADD node_modules/parent-module
1383 silly ADD node_modules/p-locate
1384 silly ADD node_modules/p-limit
1385 silly ADD node_modules/optionator
1386 silly ADD
1387 silly ADD node_modules/object-assign
1388 silly ADD
1389 silly ADD
1390 silly ADD node_modules/node-releases
1391 silly ADD
1392 silly ADD node_modules/natural-compare
1393 silly ADD node_modules/nanoid
1394 silly ADD
1395 silly ADD node_modules/ms
1396 silly ADD node_modules/motion-utils
1397 silly ADD node_modules/motion-dom
1398 silly ADD
1399 silly ADD
1400 silly ADD node_modules/yallist
1401 silly ADD node_modules/minipass
1402 silly ADD
1403 silly ADD node_modules/minimatch
1404 silly ADD
1405 silly ADD node_modules/mime-types
1406 silly ADD node_modules/mime-db
1407 silly ADD node_modules/math-intrinsics
1408 silly ADD
1409 silly ADD node_modules/lucide-react
1410 silly ADD node_modules/lru-cache
1411 silly ADD node_modules/loose-envify
1412 silly ADD node_modules/lodash.throttle
1413 silly ADD node_modules/lodash.merge
1414 silly ADD node_modules/lodash.debounce
1415 silly ADD node_modules/locate-path
1416 silly ADD node_modules/lines-and-columns
1417 silly ADD node_modules/levn
1418 silly ADD node_modules/keyv
1419 silly ADD node_modules/jspdf
1420 silly ADD node_modules/json5
1421 silly ADD node_modules/json-stable-stringify-without-jsonify
1422 silly ADD node_modules/json-schema-traverse
1423 silly ADD node_modules/json-parse-even-better-errors
1424 silly ADD node_modules/json-buffer
1425 silly ADD node_modules/jsesc
1426 silly ADD node_modules/js-yaml
1427 silly ADD node_modules/js-tokens
1428 silly ADD node_modules/jquery
1429 silly ADD node_modules/isexe
1430 silly ADD node_modules/is-glob
1431 silly ADD
1432 silly ADD node_modules/is-extglob
1433 silly ADD node_modules/is-core-module
1434 silly ADD node_modules/is-arrayish
1435 silly ADD
1436 silly ADD
1437 silly ADD node_modules/imurmurhash
1438 silly ADD node_modules/import-fresh
1439 silly ADD node_modules/ignore
1440 silly ADD
1441 silly ADD node_modules/html2canvas
1442 silly ADD node_modules/hoist-non-react-statics
1443 silly ADD node_modules/hasown
1444 silly ADD
1445 silly ADD node_modules/has-tostringtag
1446 silly ADD node_modules/has-symbols
1447 silly ADD node_modules/has-flag
1448 silly ADD node_modules/gopd
1449 silly ADD node_modules/globals
1450 silly ADD node_modules/glob-parent
1451 silly ADD
1452 silly ADD node_modules/get-proto
1453 silly ADD node_modules/get-intrinsic
1454 silly ADD node_modules/gensync
1455 silly ADD
1456 silly ADD node_modules/function-bind
1457 silly ADD
1458 silly ADD
1459 silly ADD node_modules/yallist
1460 silly ADD node_modules/minipass
1461 silly ADD node_modules/framer-motion
1462 silly ADD node_modules/form-data
1463 silly ADD node_modules/follow-redirects
1464 silly ADD node_modules/flatted
1465 silly ADD node_modules/flat-cache
1466 silly ADD node_modules/find-up
1467 silly ADD node_modules/find-root
1468 silly ADD node_modules/file-entry-cache
1469 silly ADD node_modules/fflate
1470 silly ADD node_modules/fast-safe-stringify
1471 silly ADD node_modules/fast-levenshtein
1472 silly ADD node_modules/fast-json-stable-stringify
1473 silly ADD node_modules/fast-deep-equal
1474 silly ADD node_modules/esutils
1475 silly ADD node_modules/estraverse
1476 silly ADD node_modules/esrecurse
1477 silly ADD node_modules/esquery
1478 silly ADD node_modules/espree
1479 silly ADD node_modules/eslint-visitor-keys
1480 silly ADD node_modules/eslint-scope
1481 silly ADD node_modules/eslint-plugin-react-refresh
1482 silly ADD node_modules/eslint-plugin-react-hooks
1483 silly ADD node_modules/eslint
1484 silly ADD node_modules/escape-string-regexp
1485 silly ADD node_modules/escalade
1486 silly ADD node_modules/esbuild
1487 silly ADD node_modules/es-set-tostringtag
1488 silly ADD node_modules/es-object-atoms
1489 silly ADD node_modules/es-errors
1490 silly ADD node_modules/es-define-property
1491 silly ADD node_modules/error-ex
1492 silly ADD
1493 silly ADD node_modules/electron-to-chromium
1494 silly ADD node_modules/dunder-proto
1495 silly ADD node_modules/dompurify
1496 silly ADD
1497 silly ADD
1498 silly ADD node_modules/delayed-stream
1499 silly ADD node_modules/deep-is
1500 silly ADD
1501 silly ADD node_modules/debug
1502 silly ADD node_modules/csstype
1503 silly ADD node_modules/css-line-break
1504 silly ADD node_modules/cross-spawn
1505 silly ADD node_modules/cosmiconfig
1506 silly ADD node_modules/cosmiconfig/node_modules/yaml
1507 silly ADD node_modules/core-js
1508 silly ADD node_modules/cookie
1509 silly ADD node_modules/convert-source-map
1510 silly ADD
1511 silly ADD node_modules/concat-map
1512 silly ADD node_modules/combined-stream
1513 silly ADD
1514 silly ADD node_modules/color-name
1515 silly ADD node_modules/color-convert
1516 silly ADD node_modules/clsx
1517 silly ADD node_modules/classlist-polyfill
1518 silly ADD
1519 silly ADD node_modules/chart.js
1520 silly ADD node_modules/chalk
1521 silly ADD node_modules/canvg
1522 silly ADD node_modules/canvg/node_modules/regenerator-runtime
1523 silly ADD
1524 silly ADD node_modules/caniuse-lite
1525 silly ADD node_modules/callsites
1526 silly ADD node_modules/call-bind-apply-helpers
1527 silly ADD node_modules/btoa
1528 silly ADD node_modules/browserslist
1529 silly ADD node_modules/brace-expansion
1530 silly ADD node_modules/bootstrap
1531 silly ADD node_modules/base64-arraybuffer
1532 silly ADD node_modules/balanced-match
1533 silly ADD node_modules/babel-plugin-macros
1534 silly ADD node_modules/axios
1535 silly ADD node_modules/atob
1536 silly ADD node_modules/asynckit
1537 silly ADD node_modules/argparse
1538 silly ADD
1539 silly ADD
1540 silly ADD node_modules/aos
1541 silly ADD node_modules/ansi-styles
1542 silly ADD
1543 silly ADD node_modules/ajv
1544 silly ADD
1545 silly ADD node_modules/acorn-jsx
1546 silly ADD node_modules/acorn
1547 silly ADD
1548 silly ADD node_modules/@zag-js/utils
1549 silly ADD node_modules/@zag-js/types
1550 silly ADD node_modules/@zag-js/tree-view
1551 silly ADD node_modules/@zag-js/tour
1552 silly ADD node_modules/@zag-js/tooltip
1553 silly ADD node_modules/@zag-js/toggle-group
1554 silly ADD node_modules/@zag-js/toast
1555 silly ADD node_modules/@zag-js/timer
1556 silly ADD node_modules/@zag-js/time-picker
1557 silly ADD node_modules/@zag-js/tags-input
1558 silly ADD node_modules/@zag-js/tabs
1559 silly ADD node_modules/@zag-js/switch
1560 silly ADD node_modules/@zag-js/store
1561 silly ADD node_modules/@zag-js/steps
1562 silly ADD node_modules/@zag-js/splitter
1563 silly ADD node_modules/@zag-js/slider
1564 silly ADD node_modules/@zag-js/signature-pad
1565 silly ADD node_modules/@zag-js/select
1566 silly ADD node_modules/@zag-js/scroll-snap
1567 silly ADD node_modules/@zag-js/remove-scroll
1568 silly ADD node_modules/@zag-js/rect-utils
1569 silly ADD node_modules/@zag-js/react
1570 silly ADD node_modules/@zag-js/rating-group
1571 silly ADD node_modules/@zag-js/radio-group
1572 silly ADD node_modules/@zag-js/qr-code
1573 silly ADD node_modules/@zag-js/progress
1574 silly ADD node_modules/@zag-js/presence
1575 silly ADD node_modules/@zag-js/popper
1576 silly ADD node_modules/@zag-js/popover
1577 silly ADD node_modules/@zag-js/pin-input
1578 silly ADD node_modules/@zag-js/pagination
1579 silly ADD node_modules/@zag-js/number-input
1580 silly ADD node_modules/@zag-js/menu
1581 silly ADD node_modules/@zag-js/live-region
1582 silly ADD node_modules/@zag-js/interact-outside
1583 silly ADD node_modules/@zag-js/i18n-utils
1584 silly ADD node_modules/@zag-js/hover-card
1585 silly ADD node_modules/@zag-js/highlight-word
1586 silly ADD node_modules/@zag-js/focus-visible
1587 silly ADD node_modules/@zag-js/focus-trap
1588 silly ADD node_modules/@zag-js/file-utils
1589 silly ADD node_modules/@zag-js/file-upload
1590 silly ADD node_modules/@zag-js/element-size
1591 silly ADD node_modules/@zag-js/element-rect
1592 silly ADD node_modules/@zag-js/editable
1593 silly ADD node_modules/@zag-js/dom-query
1594 silly ADD node_modules/@zag-js/dismissable
1595 silly ADD node_modules/@zag-js/dialog
1596 silly ADD node_modules/@zag-js/date-utils
1597 silly ADD node_modules/@zag-js/date-picker
1598 silly ADD node_modules/@zag-js/core
1599 silly ADD node_modules/@zag-js/combobox
1600 silly ADD node_modules/@zag-js/color-utils
1601 silly ADD node_modules/@zag-js/color-picker
1602 silly ADD node_modules/@zag-js/collection
1603 silly ADD node_modules/@zag-js/collapsible
1604 silly ADD node_modules/@zag-js/clipboard
1605 silly ADD node_modules/@zag-js/checkbox
1606 silly ADD node_modules/@zag-js/carousel
1607 silly ADD node_modules/@zag-js/avatar
1608 silly ADD node_modules/@zag-js/auto-resize
1609 silly ADD node_modules/@zag-js/aria-hidden
1610 silly ADD node_modules/@zag-js/anatomy
1611 silly ADD node_modules/@zag-js/accordion
1612 silly ADD node_modules/@vitejs/plugin-react
1613 silly ADD node_modules/@types/trusted-types
1614 silly ADD node_modules/@types/react-dom
1615 silly ADD node_modules/@types/react
1616 silly ADD node_modules/@types/raf
1617 silly ADD node_modules/@types/parse-json
1618 silly ADD node_modules/@types/json-schema
1619 silly ADD node_modules/@types/estree
1620 silly ADD node_modules/@types/babel__traverse
1621 silly ADD node_modules/@types/babel__template
1622 silly ADD node_modules/@types/babel__generator
1623 silly ADD node_modules/@types/babel__core
1624 silly ADD node_modules/@swc/helpers
1625 silly ADD node_modules/@rollup/rollup-win32-x64-msvc
1626 silly ADD node_modules/@react-pdf-viewer/zoom
1627 silly ADD node_modules/@react-pdf-viewer/toolbar
1628 silly ADD node_modules/@react-pdf-viewer/thumbnail
1629 silly ADD node_modules/@react-pdf-viewer/theme
1630 silly ADD node_modules/@react-pdf-viewer/selection-mode
1631 silly ADD node_modules/@react-pdf-viewer/search
1632 silly ADD node_modules/@react-pdf-viewer/scroll-mode
1633 silly ADD node_modules/@react-pdf-viewer/rotate
1634 silly ADD node_modules/@react-pdf-viewer/properties
1635 silly ADD node_modules/@react-pdf-viewer/print
1636 silly ADD node_modules/@react-pdf-viewer/page-navigation
1637 silly ADD node_modules/@react-pdf-viewer/open
1638 silly ADD node_modules/@react-pdf-viewer/get-file
1639 silly ADD node_modules/@react-pdf-viewer/full-screen
1640 silly ADD node_modules/@react-pdf-viewer/default-layout
1641 silly ADD node_modules/@react-pdf-viewer/core
1642 silly ADD node_modules/@react-pdf-viewer/bookmark
1643 silly ADD node_modules/@react-pdf-viewer/attachment
1644 silly ADD node_modules/@popperjs/core
1645 silly ADD node_modules/@pandacss/is-valid-prop
1646 silly ADD
1647 silly ADD node_modules/semver
1648 silly ADD node_modules/@kurkle/color
1649 silly ADD node_modules/@jridgewell/trace-mapping
1650 silly ADD node_modules/@jridgewell/sourcemap-codec
1651 silly ADD node_modules/@jridgewell/set-array
1652 silly ADD node_modules/@jridgewell/resolve-uri
1653 silly ADD node_modules/@jridgewell/gen-mapping
1654 silly ADD node_modules/@internationalized/number
1655 silly ADD node_modules/@internationalized/date
1656 silly ADD node_modules/@humanwhocodes/retry
1657 silly ADD node_modules/@humanwhocodes/module-importer
1658 silly ADD node_modules/@humanfs/node
1659 silly ADD node_modules/@humanfs/node/node_modules/@humanwhocodes/retry
1660 silly ADD node_modules/@humanfs/core
1661 silly ADD node_modules/@fortawesome/react-fontawesome
1662 silly ADD node_modules/@fortawesome/free-solid-svg-icons
1663 silly ADD node_modules/@fortawesome/fontawesome-svg-core
1664 silly ADD node_modules/@fortawesome/fontawesome-free
1665 silly ADD node_modules/@fortawesome/fontawesome-common-types
1666 silly ADD node_modules/@floating-ui/utils
1667 silly ADD node_modules/@floating-ui/dom
1668 silly ADD node_modules/@floating-ui/core
1669 silly ADD node_modules/@eslint/plugin-kit
1670 silly ADD node_modules/@eslint/object-schema
1671 silly ADD node_modules/@eslint/js
1672 silly ADD node_modules/@eslint/eslintrc
1673 silly ADD node_modules/@eslint/eslintrc/node_modules/globals
1674 silly ADD node_modules/@eslint/core
1675 silly ADD node_modules/@eslint/config-helpers
1676 silly ADD node_modules/@eslint/config-array
1677 silly ADD node_modules/@eslint-community/regexpp
1678 silly ADD node_modules/@eslint-community/eslint-utils
1679 silly ADD node_modules/@eslint-community/eslint-utils/node_modules/eslint-visitor-keys
1680 silly ADD node_modules/@esbuild/win32-x64
1681 silly ADD node_modules/@emotion/weak-memoize
1682 silly ADD node_modules/@emotion/utils
1683 silly ADD node_modules/@emotion/use-insertion-effect-with-fallbacks
1684 silly ADD node_modules/@emotion/unitless
1685 silly ADD node_modules/@emotion/sheet
1686 silly ADD node_modules/@emotion/serialize
1687 silly ADD node_modules/@emotion/react
1688 silly ADD node_modules/@emotion/memoize
1689 silly ADD node_modules/@emotion/is-prop-valid
1690 silly ADD node_modules/@emotion/hash
1691 silly ADD node_modules/@emotion/cache
1692 silly ADD node_modules/@emotion/babel-plugin
1693 silly ADD node_modules/@emotion/babel-plugin/node_modules/convert-source-map
1694 silly ADD node_modules/@chakra-ui/react
1695 silly ADD node_modules/@babel/types
1696 silly ADD node_modules/@babel/traverse
1697 silly ADD node_modules/@babel/traverse/node_modules/globals
1698 silly ADD node_modules/@babel/template
1699 silly ADD node_modules/@babel/runtime
1700 silly ADD node_modules/@babel/plugin-transform-react-jsx-source
1701 silly ADD node_modules/@babel/plugin-transform-react-jsx-self
1702 silly ADD node_modules/@babel/parser
1703 silly ADD node_modules/@babel/helpers
1704 silly ADD node_modules/@babel/helper-validator-option
1705 silly ADD node_modules/@babel/helper-validator-identifier
1706 silly ADD node_modules/@babel/helper-string-parser
1707 silly ADD node_modules/@babel/helper-plugin-utils
1708 silly ADD node_modules/@babel/helper-module-transforms
1709 silly ADD node_modules/@babel/helper-module-imports
1710 silly ADD node_modules/@babel/helper-compilation-targets
1711 silly ADD node_modules/@babel/generator
1712 silly ADD node_modules/@babel/core
1713 silly ADD node_modules/@babel/compat-data
1714 silly ADD node_modules/@babel/code-frame
1715 silly ADD node_modules/@ark-ui/react
1716 silly ADD node_modules/@ampproject/remapping
1717 verbose cwd E:\TNR\tnr-steel-sys\frontend
1718 verbose os Windows_NT 10.0.26300
1719 verbose node v24.12.0
1720 verbose npm  v11.6.2
1721 verbose exit 0
1722 info ok
